,image,label,dataset_split
0,0.jpg,1,train
1,1.jpg,1,train
2,2.jpg,1,test
3,3.jpg,1,train
4,4.jpg,1,train
5,5.jpg,1,val
6,6.jpg,1,test
7,7.jpg,1,val
8,8.jpg,1,train
9,9.jpg,1,train
10,10.jpg,1,train
11,11.jpg,1,train
12,12.jpg,1,test
13,13.jpg,1,test
14,14.jpg,1,train
15,15.jpg,1,train
16,16.jpg,1,train
17,17.jpg,1,test
18,18.jpg,1,train
19,19.jpg,1,test
20,20.jpg,1,train
21,21.jpg,1,train
22,22.jpg,1,train
23,23.jpg,1,train
24,24.jpg,1,test
25,25.jpg,1,train
26,26.jpg,1,train
27,27.jpg,1,train
28,28.jpg,1,train
29,29.jpg,1,train
30,30.jpg,1,test
31,31.jpg,1,train
32,32.jpg,1,train
33,33.jpg,1,train
34,34.jpg,1,test
35,35.jpg,1,train
36,36.jpg,1,train
37,37.jpg,1,train
38,38.jpg,1,train
39,39.jpg,1,train
40,40.jpg,1,train
41,41.jpg,1,val
42,42.jpg,1,test
43,43.jpg,1,train
44,44.jpg,1,val
45,45.jpg,1,train
46,46.jpg,1,train
47,47.jpg,1,train
48,48.jpg,1,train
49,49.jpg,1,train
50,50.jpg,1,train
51,51.jpg,1,train
52,52.jpg,1,train
53,53.jpg,1,train
54,54.jpg,1,train
55,55.jpg,1,val
56,56.jpg,1,train
57,57.jpg,1,train
58,58.jpg,1,train
59,59.jpg,1,train
60,60.jpg,1,train
61,61.jpg,1,train
62,62.jpg,1,train
63,63.jpg,1,test
64,64.jpg,1,train
65,65.jpg,1,val
66,66.jpg,1,val
67,67.jpg,1,train
68,68.jpg,1,train
69,69.jpg,1,train
70,70.jpg,1,train
71,71.jpg,1,val
72,72.jpg,1,train
73,73.jpg,1,test
74,74.jpg,1,val
75,75.jpg,1,train
76,76.jpg,1,test
77,77.jpg,1,val
78,78.jpg,1,train
79,79.jpg,1,val
80,80.jpg,1,train
81,81.jpg,1,train
82,82.jpg,1,val
83,83.jpg,1,train
84,84.jpg,1,train
85,85.jpg,1,train
86,86.jpg,1,val
87,87.jpg,1,train
88,88.jpg,1,val
89,89.jpg,1,train
90,90.jpg,1,train
91,91.jpg,1,test
92,92.jpg,1,val
93,93.jpg,1,test
94,94.jpg,1,train
95,95.jpg,1,train
96,96.jpg,1,train
97,97.jpg,1,val
98,98.jpg,1,test
99,99.jpg,1,test
100,100.jpg,1,train
101,101.jpg,1,train
102,102.jpg,1,train
103,300.jpg,1,train
104,301.jpg,1,train
105,302.jpg,1,train
106,303.jpg,1,train
107,304.jpg,1,train
108,305.jpg,1,val
109,306.jpg,1,train
110,307.jpg,1,test
111,308.jpg,1,train
112,309.jpg,1,train
113,310.jpg,1,test
114,311.jpg,1,train
115,312.jpg,1,train
116,313.jpg,1,train
117,314.jpg,1,train
118,315.jpg,1,val
119,316.jpg,1,train
120,317.jpg,1,train
121,318.jpg,1,val
122,319.jpg,1,train
123,320.jpg,1,test
124,321.jpg,1,train
125,322.jpg,1,val
126,323.jpg,1,test
127,324.jpg,1,train
128,325.jpg,1,test
129,326.jpg,1,train
130,327.jpg,1,val
131,328.jpg,1,train
132,329.jpg,1,val
133,330.jpg,1,val
134,331.jpg,1,test
135,332.jpg,1,test
136,333.jpg,1,train
137,334.jpg,1,train
138,335.jpg,1,train
139,336.jpg,1,test
140,337.jpg,1,train
141,338.jpg,1,train
142,339.jpg,1,test
143,340.jpg,1,train
144,341.jpg,1,test
145,342.jpg,1,train
146,343.jpg,1,test
147,344.jpg,1,train
148,345.jpg,1,train
149,346.jpg,1,train
150,347.jpg,1,test
151,348.jpg,1,train
152,349.jpg,1,test
153,350.jpg,1,train
154,351.jpg,1,val
155,352.jpg,1,val
156,353.jpg,1,train
157,354.jpg,1,train
158,355.jpg,1,train
159,356.jpg,1,train
160,357.jpg,1,train
161,358.jpg,1,train
162,359.jpg,1,test
163,360.jpg,1,train
164,361.jpg,1,test
165,362.jpg,1,train
166,363.jpg,1,train
167,364.jpg,1,test
168,365.jpg,1,train
169,366.jpg,1,train
170,367.jpg,1,train
171,368.jpg,1,test
172,369.jpg,1,test
173,370.jpg,1,train
174,371.jpg,1,train
175,372.jpg,1,test
176,373.jpg,1,test
177,374.jpg,1,test
178,375.jpg,1,train
179,376.jpg,1,train
180,377.jpg,1,test
181,378.jpg,1,test
182,379.jpg,1,train
183,380.jpg,1,val
184,381.jpg,1,train
185,382.jpg,1,train
186,383.jpg,1,train
187,384.jpg,1,test
188,385.jpg,1,train
189,386.jpg,1,train
190,387.jpg,1,train
191,388.jpg,1,train
192,389.jpg,1,train
193,390.jpg,1,train
194,391.jpg,1,train
195,392.jpg,1,test
196,393.jpg,1,train
197,394.jpg,1,train
198,395.jpg,1,train
199,396.jpg,1,train
200,397.jpg,1,val
201,398.jpg,1,train
202,399.jpg,1,train
203,400.jpg,1,test
204,401.jpg,1,train
205,402.jpg,1,train
206,403.jpg,1,test
207,404.jpg,1,train
208,405.jpg,1,train
209,406.jpg,1,test
210,407.jpg,1,train
211,408.jpg,1,train
212,409.jpg,1,train
213,410.jpg,1,test
214,411.jpg,1,train
215,412.jpg,1,train
216,413.jpg,1,train
217,414.jpg,1,train
218,415.jpg,1,train
219,416.jpg,1,train
220,417.jpg,1,train
221,418.jpg,1,train
222,419.jpg,1,train
223,420.jpg,1,train
224,421.jpg,1,test
225,422.jpg,1,train
226,423.jpg,1,test
227,424.jpg,1,train
228,425.jpg,1,train
229,426.jpg,1,test
230,427.jpg,1,val
231,428.jpg,1,train
232,429.jpg,1,train
233,430.jpg,1,train
234,431.jpg,1,test
235,432.jpg,1,test
236,433.jpg,1,train
237,434.jpg,1,train
238,435.jpg,1,train
239,436.jpg,1,train
240,437.jpg,1,train
241,438.jpg,1,train
242,439.jpg,1,train
243,440.jpg,1,train
244,441.jpg,1,train
245,442.jpg,1,train
246,443.jpg,1,test
247,444.jpg,1,train
248,445.jpg,1,train
249,446.jpg,1,test
250,447.jpg,1,test
251,448.jpg,1,train
252,449.jpg,1,val
253,450.jpg,1,train
254,451.jpg,1,train
255,452.jpg,1,train
256,453.jpg,1,test
257,454.jpg,1,train
258,455.jpg,1,test
259,456.jpg,1,test
260,457.jpg,1,train
261,458.jpg,1,train
262,459.jpg,1,train
263,460.jpg,1,train
264,461.jpg,1,train
265,462.jpg,1,train
266,463.jpg,1,train
267,464.jpg,1,train
268,465.jpg,1,train
269,466.jpg,1,train
270,467.jpg,1,test
271,468.jpg,1,train
272,469.jpg,1,test
273,470.jpg,1,test
274,471.jpg,1,test
275,472.jpg,1,test
276,473.jpg,1,train
277,474.jpg,1,train
278,475.jpg,1,test
279,476.jpg,1,test
280,477.jpg,1,train
281,478.jpg,1,train
282,479.jpg,1,train
283,480.jpg,1,train
284,481.jpg,1,train
285,482.jpg,1,test
286,483.jpg,1,train
287,484.jpg,1,train
288,485.jpg,1,train
289,486.jpg,1,train
290,487.jpg,1,train
291,488.jpg,1,train
292,489.jpg,1,train
293,490.jpg,1,train
294,491.jpg,1,test
295,492.jpg,1,train
296,493.jpg,1,val
297,494.jpg,1,train
298,495.jpg,1,test
299,496.jpg,1,val
300,497.jpg,1,train
301,498.jpg,1,train
302,499.jpg,1,train
303,500.jpg,1,train
304,501.jpg,1,train
305,502.jpg,1,train
306,503.jpg,1,test
307,504.jpg,1,train
308,505.jpg,1,test
309,506.jpg,1,test
310,507.jpg,1,train
311,508.jpg,1,train
312,509.jpg,1,train
313,510.jpg,1,train
314,511.jpg,1,train
315,512.jpg,1,train
316,513.jpg,1,test
317,514.jpg,1,val
318,515.jpg,1,test
319,516.jpg,1,train
320,517.jpg,1,test
321,518.jpg,1,val
322,519.jpg,1,train
323,520.jpg,1,test
324,521.jpg,1,train
325,522.jpg,1,train
326,523.jpg,1,train
327,524.jpg,1,test
328,525.jpg,1,train
329,526.jpg,1,train
330,527.jpg,1,test
331,528.jpg,1,test
332,529.jpg,1,train
333,530.jpg,1,train
334,531.jpg,1,train
335,532.jpg,1,train
336,533.jpg,1,train
337,534.jpg,1,test
338,535.jpg,1,train
339,536.jpg,1,train
340,537.jpg,1,train
341,538.jpg,1,val
342,539.jpg,1,val
343,540.jpg,1,test
344,541.jpg,1,test
345,542.jpg,1,train
346,543.jpg,1,train
347,544.jpg,1,train
348,545.jpg,1,train
349,546.jpg,1,train
350,547.jpg,1,train
351,548.jpg,1,train
352,549.jpg,1,train
353,550.jpg,1,val
354,551.jpg,1,train
355,552.jpg,1,val
356,553.jpg,1,train
357,554.jpg,1,train
358,555.jpg,1,train
359,556.jpg,1,test
360,557.jpg,1,test
361,558.jpg,1,train
362,559.jpg,1,val
363,560.jpg,1,train
364,561.jpg,1,test
365,562.jpg,1,test
366,563.jpg,1,train
367,564.jpg,1,val
368,565.jpg,1,train
369,566.jpg,1,val
370,567.jpg,1,test
371,568.jpg,1,train
372,569.jpg,1,train
373,570.jpg,1,test
374,571.jpg,1,train
375,572.jpg,1,test
376,573.jpg,1,test
377,574.jpg,1,val
378,575.jpg,1,train
379,576.jpg,1,test
380,577.jpg,1,test
381,578.jpg,1,train
382,579.jpg,1,train
383,580.jpg,1,train
384,581.jpg,1,test
385,582.jpg,1,train
386,583.jpg,1,val
387,584.jpg,1,train
388,585.jpg,1,train
389,586.jpg,1,train
390,587.jpg,1,val
391,588.jpg,1,train
392,589.jpg,1,val
393,590.jpg,1,train
394,591.jpg,1,train
395,592.jpg,1,train
396,593.jpg,1,train
397,594.jpg,1,train
398,595.jpg,1,test
399,596.jpg,1,train
400,597.jpg,1,train
401,598.jpg,1,train
402,599.jpg,1,train
403,600.jpg,1,train
404,601.jpg,1,train
405,602.jpg,1,test
406,603.jpg,1,train
407,604.jpg,1,test
408,605.jpg,1,train
409,606.jpg,1,test
410,607.jpg,1,train
411,608.jpg,1,train
412,609.jpg,1,test
413,610.jpg,1,val
414,611.jpg,1,train
415,612.jpg,1,test
416,613.jpg,1,train
417,614.jpg,1,train
418,615.jpg,1,train
419,616.jpg,1,train
420,617.jpg,1,test
421,618.jpg,1,train
422,619.jpg,1,train
423,620.jpg,1,train
424,621.jpg,1,train
425,622.jpg,1,train
426,623.jpg,1,test
427,624.jpg,1,train
428,625.jpg,1,test
429,626.jpg,1,val
430,627.jpg,1,test
431,628.jpg,1,train
432,629.jpg,1,test
433,630.jpg,1,train
434,631.jpg,1,val
435,632.jpg,1,train
436,633.jpg,1,val
437,634.jpg,1,test
438,635.jpg,1,train
439,636.jpg,1,train
440,637.jpg,1,train
441,638.jpg,1,train
442,639.jpg,1,test
443,640.jpg,1,train
444,641.jpg,1,train
445,642.jpg,1,train
446,643.jpg,1,test
447,644.jpg,1,train
448,645.jpg,1,train
449,646.jpg,1,test
450,647.jpg,1,train
451,648.jpg,1,train
452,649.jpg,1,val
453,650.jpg,1,train
454,651.jpg,1,val
455,652.jpg,1,train
456,653.jpg,1,val
457,654.jpg,1,train
458,655.jpg,1,train
459,656.jpg,1,train
460,657.jpg,1,train
461,658.jpg,1,train
462,659.jpg,1,val
463,660.jpg,1,train
464,661.jpg,1,test
465,662.jpg,1,train
466,663.jpg,1,train
467,664.jpg,1,train
468,665.jpg,1,test
469,666.jpg,1,train
470,667.jpg,1,train
471,668.jpg,1,train
472,669.jpg,1,train
473,670.jpg,1,test
474,671.jpg,1,train
475,672.jpg,1,test
476,673.jpg,1,train
477,674.jpg,1,test
478,675.jpg,1,train
479,676.jpg,1,val
480,677.jpg,1,train
481,678.jpg,1,test
482,679.jpg,1,train
483,680.jpg,1,test
484,681.jpg,1,train
485,682.jpg,1,train
486,683.jpg,1,val
487,684.jpg,1,train
488,685.jpg,1,train
489,686.jpg,1,train
490,687.jpg,1,train
491,688.jpg,1,train
492,689.jpg,1,train
493,690.jpg,1,train
494,691.jpg,1,train
495,692.jpg,1,train
496,693.jpg,1,train
497,694.jpg,1,train
498,695.jpg,1,train
499,696.jpg,1,train
500,697.jpg,1,test
501,698.jpg,1,train
502,699.jpg,1,test
503,700.jpg,1,test
504,701.jpg,1,train
505,702.jpg,1,train
506,703.jpg,1,val
507,704.jpg,1,test
508,705.jpg,1,train
509,706.jpg,1,train
510,707.jpg,1,train
511,708.jpg,1,train
512,709.jpg,1,train
513,710.jpg,1,train
514,711.jpg,1,train
515,712.jpg,1,train
516,713.jpg,1,train
517,714.jpg,1,train
518,715.jpg,1,train
519,716.jpg,1,train
520,717.jpg,1,train
521,718.jpg,1,train
522,719.jpg,1,train
523,720.jpg,1,test
524,721.jpg,1,test
525,722.jpg,1,train
526,723.jpg,1,test
527,724.jpg,1,test
528,725.jpg,1,test
529,726.jpg,1,train
530,727.jpg,1,train
531,728.jpg,1,test
532,729.jpg,1,train
533,730.jpg,1,test
534,731.jpg,1,test
535,732.jpg,1,train
536,733.jpg,1,train
537,734.jpg,1,train
538,735.jpg,1,train
539,736.jpg,1,train
540,737.jpg,1,test
541,738.jpg,1,val
542,739.jpg,1,train
543,740.jpg,1,train
544,741.jpg,1,test
545,742.jpg,1,val
546,743.jpg,1,train
547,744.jpg,1,train
548,745.jpg,1,test
549,746.jpg,1,train
550,747.jpg,1,train
551,748.jpg,1,test
552,749.jpg,1,train
553,750.jpg,1,train
554,751.jpg,1,train
555,752.jpg,1,train
556,753.jpg,1,train
557,754.jpg,1,test
558,755.jpg,1,train
559,756.jpg,1,test
560,757.jpg,1,test
561,758.jpg,1,train
562,759.jpg,1,val
563,760.jpg,1,train
564,761.jpg,1,val
565,762.jpg,1,test
566,763.jpg,1,train
567,764.jpg,1,train
568,765.jpg,1,train
569,766.jpg,1,train
570,767.jpg,1,test
571,768.jpg,1,val
572,769.jpg,1,train
573,770.jpg,1,test
574,771.jpg,1,test
575,772.jpg,1,train
576,773.jpg,1,train
577,774.jpg,1,train
578,775.jpg,1,train
579,776.jpg,1,test
580,777.jpg,1,train
581,778.jpg,1,test
582,779.jpg,1,train
583,780.jpg,1,train
584,781.jpg,1,train
585,782.jpg,1,train
586,783.jpg,1,train
587,784.jpg,1,train
588,785.jpg,1,train
589,786.jpg,1,train
590,787.jpg,1,train
591,788.jpg,1,train
592,789.jpg,1,test
593,790.jpg,1,train
594,791.jpg,1,train
595,792.jpg,1,train
596,793.jpg,1,train
597,794.jpg,1,train
598,795.jpg,1,train
599,796.jpg,1,train
600,797.jpg,1,train
601,798.jpg,1,train
602,799.jpg,1,train
603,800.jpg,1,test
604,801.jpg,1,train
605,802.jpg,1,train
606,803.jpg,1,train
607,804.jpg,1,train
608,805.jpg,1,train
609,806.jpg,1,train
610,807.jpg,1,train
611,808.jpg,1,train
612,809.jpg,1,train
613,810.jpg,1,train
614,811.jpg,1,train
615,812.jpg,1,train
616,813.jpg,1,train
617,814.jpg,1,test
618,815.jpg,1,train
619,816.jpg,1,train
620,817.jpg,1,train
621,818.jpg,1,train
622,819.jpg,1,train
623,820.jpg,1,train
624,821.jpg,1,train
625,822.jpg,1,train
626,823.jpg,1,test
627,824.jpg,1,val
628,825.jpg,1,train
629,826.jpg,1,train
630,827.jpg,1,test
631,828.jpg,1,train
632,829.jpg,1,train
633,830.jpg,1,test
634,831.jpg,1,train
635,832.jpg,1,train
636,833.jpg,1,train
637,834.jpg,1,val
638,835.jpg,1,train
639,836.jpg,1,test
640,837.jpg,1,train
641,838.jpg,1,val
642,839.jpg,1,test
643,840.jpg,1,val
644,841.jpg,1,train
645,842.jpg,1,train
646,843.jpg,1,train
647,844.jpg,1,train
648,845.jpg,1,train
649,846.jpg,1,train
650,847.jpg,1,test
651,848.jpg,1,train
652,849.jpg,1,train
653,850.jpg,1,train
654,851.jpg,1,train
655,852.jpg,1,train
656,853.jpg,1,train
657,854.jpg,1,train
658,855.jpg,1,train
659,856.jpg,1,train
660,857.jpg,1,train
661,858.jpg,1,train
662,859.jpg,1,test
663,860.jpg,1,train
664,861.jpg,1,val
665,862.jpg,1,train
666,863.jpg,1,train
667,864.jpg,1,train
668,865.jpg,1,test
669,866.jpg,1,train
670,867.jpg,1,train
671,868.jpg,1,train
672,869.jpg,1,val
673,870.jpg,1,train
674,871.jpg,1,train
675,872.jpg,1,train
676,873.jpg,1,train
677,874.jpg,1,train
678,875.jpg,1,train
679,876.jpg,1,test
680,877.jpg,1,train
681,878.jpg,1,train
682,879.jpg,1,train
683,880.jpg,1,val
684,881.jpg,1,test
685,882.jpg,1,train
686,883.jpg,1,val
687,884.jpg,1,train
688,885.jpg,1,val
689,886.jpg,1,val
690,887.jpg,1,train
691,888.jpg,1,train
692,889.jpg,1,train
693,890.jpg,1,val
694,891.jpg,1,test
695,892.jpg,1,train
696,893.jpg,1,train
697,894.jpg,1,train
698,895.jpg,1,train
699,896.jpg,1,val
700,897.jpg,1,train
701,898.jpg,1,test
702,899.jpg,1,train
703,900.jpg,1,train
704,901.jpg,1,test
705,902.jpg,1,train
706,903.jpg,1,train
707,904.jpg,1,train
708,905.jpg,1,test
709,906.jpg,1,train
710,907.jpg,1,train
711,908.jpg,1,train
712,909.jpg,1,test
713,910.jpg,1,train
714,911.jpg,1,train
715,912.jpg,1,train
716,913.jpg,1,val
717,914.jpg,1,train
718,915.jpg,1,train
719,916.jpg,1,train
720,917.jpg,1,train
721,918.jpg,1,train
722,919.jpg,1,train
723,920.jpg,1,val
724,921.jpg,1,test
725,922.jpg,1,train
726,923.jpg,1,train
727,924.jpg,1,train
728,925.jpg,1,test
729,926.jpg,1,train
730,927.jpg,1,train
731,928.jpg,1,train
732,929.jpg,1,test
733,930.jpg,1,train
734,931.jpg,1,train
735,932.jpg,1,train
736,933.jpg,1,val
737,934.jpg,1,train
738,935.jpg,1,train
739,936.jpg,1,train
740,937.jpg,1,train
741,938.jpg,1,test
742,939.jpg,1,val
743,940.jpg,1,train
744,941.jpg,1,train
745,942.jpg,1,train
746,943.jpg,1,train
747,944.jpg,1,test
748,945.jpg,1,train
749,946.jpg,1,val
750,947.jpg,1,train
751,948.jpg,1,train
752,949.jpg,1,train
753,950.jpg,1,train
754,951.jpg,1,train
755,952.jpg,1,train
756,953.jpg,1,train
757,954.jpg,1,train
758,955.jpg,1,val
759,956.jpg,1,val
760,957.jpg,1,test
761,958.jpg,1,train
762,959.jpg,1,train
763,960.jpg,1,train
764,961.jpg,1,test
765,962.jpg,1,train
766,963.jpg,1,test
767,964.jpg,1,test
768,965.jpg,1,test
769,966.jpg,1,train
770,967.jpg,1,train
771,968.jpg,1,train
772,969.jpg,1,train
773,970.jpg,1,test
774,971.jpg,1,train
775,972.jpg,1,train
776,973.jpg,1,train
777,974.jpg,1,train
778,975.jpg,1,train
779,976.jpg,1,train
780,977.jpg,1,train
781,978.jpg,1,train
782,979.jpg,1,train
783,980.jpg,1,train
784,981.jpg,1,test
785,982.jpg,1,train
786,983.jpg,1,train
787,984.jpg,1,train
788,985.jpg,1,train
789,986.jpg,1,train
790,987.jpg,1,train
791,988.jpg,1,test
792,989.jpg,1,train
793,990.jpg,1,train
794,991.jpg,1,train
795,992.jpg,1,train
796,993.jpg,1,test
797,994.jpg,1,val
798,995.jpg,1,val
799,996.jpg,1,test
800,997.jpg,1,train
801,998.jpg,1,val
802,999.jpg,1,test
803,1000.jpg,1,train
804,1001.jpg,1,val
805,1002.jpg,1,train
806,1003.jpg,1,train
807,1004.jpg,1,test
808,1005.jpg,1,val
809,1006.jpg,1,train
810,1007.jpg,1,test
811,1008.jpg,1,train
812,1009.jpg,1,train
813,1010.jpg,1,test
814,1011.jpg,1,train
815,1012.jpg,1,train
816,1013.jpg,1,train
817,1014.jpg,1,train
818,1015.jpg,1,train
819,1016.jpg,1,val
820,1017.jpg,1,train
821,1018.jpg,1,train
822,1019.jpg,1,train
823,1020.jpg,1,train
824,1021.jpg,1,train
825,1022.jpg,1,train
826,1023.jpg,1,train
827,1024.jpg,1,train
828,1025.jpg,1,train
829,1026.jpg,1,train
830,1027.jpg,1,train
831,1028.jpg,1,train
832,1029.jpg,1,train
833,1030.jpg,1,train
834,1031.jpg,1,test
835,1032.jpg,1,train
836,1033.jpg,1,train
837,1034.jpg,1,train
838,1035.jpg,1,test
839,1036.jpg,1,test
840,1037.jpg,1,train
841,1038.jpg,1,val
842,1039.jpg,1,train
843,1040.jpg,1,train
844,1041.jpg,1,train
845,1042.jpg,1,train
846,1043.jpg,1,train
847,1044.jpg,1,val
848,1045.jpg,1,train
849,1046.jpg,1,train
850,1047.jpg,1,train
851,1048.jpg,1,train
852,1049.jpg,1,train
853,1050.jpg,1,test
854,1051.jpg,1,test
855,1052.jpg,1,test
856,1053.jpg,1,train
857,1054.jpg,1,train
858,1055.jpg,1,train
859,1056.jpg,1,train
860,1057.jpg,1,train
861,1058.jpg,1,train
862,1059.jpg,1,val
863,1060.jpg,1,train
864,1061.jpg,1,test
865,1062.jpg,1,train
866,1063.jpg,1,train
867,1064.jpg,1,train
868,1065.jpg,1,test
869,1066.jpg,1,train
870,1067.jpg,1,val
871,1068.jpg,1,train
872,1069.jpg,1,train
873,1070.jpg,1,test
874,1071.jpg,1,test
875,1072.jpg,1,test
876,1073.jpg,1,train
877,1074.jpg,1,test
878,1075.jpg,1,train
879,1076.jpg,1,val
880,1077.jpg,1,train
881,1078.jpg,1,train
882,1079.jpg,1,test
883,1080.jpg,1,train
884,1081.jpg,1,train
885,1082.jpg,1,train
886,1083.jpg,1,train
887,1084.jpg,1,val
888,1085.jpg,1,train
889,1086.jpg,1,train
890,1087.jpg,1,test
891,1088.jpg,1,train
892,1089.jpg,1,val
893,1090.jpg,1,train
894,1091.jpg,1,train
895,1092.jpg,1,train
896,1093.jpg,1,train
897,1094.jpg,1,train
898,1095.jpg,1,train
899,1096.jpg,1,train
900,1097.jpg,1,train
901,1098.jpg,1,train
902,1099.jpg,1,train
903,1100.jpg,1,train
904,1101.jpg,1,test
905,1102.jpg,1,test
906,1103.jpg,1,train
907,1104.jpg,1,train
908,1105.jpg,1,test
909,1106.jpg,1,train
910,1107.jpg,1,train
911,1108.jpg,1,test
912,1109.jpg,1,train
913,1110.jpg,1,train
914,1111.jpg,1,val
915,1112.jpg,1,test
916,1113.jpg,1,train
917,1114.jpg,1,train
918,1115.jpg,1,train
919,1116.jpg,1,train
920,1117.jpg,1,train
921,1118.jpg,1,train
922,1119.jpg,1,train
923,1120.jpg,1,train
924,1121.jpg,1,train
925,1122.jpg,1,test
926,1123.jpg,1,test
927,1124.jpg,1,train
928,1125.jpg,1,train
929,1126.jpg,1,train
930,1127.jpg,1,train
931,1128.jpg,1,train
932,1129.jpg,1,test
933,1130.jpg,1,train
934,1131.jpg,1,val
935,1132.jpg,1,test
936,1133.jpg,1,test
937,1134.jpg,1,val
938,1135.jpg,1,test
939,1136.jpg,1,train
940,1137.jpg,1,train
941,1138.jpg,1,train
942,1139.jpg,1,train
943,1140.jpg,1,train
944,1141.jpg,1,train
945,1142.jpg,1,train
946,1143.jpg,1,train
947,1144.jpg,1,train
948,1145.jpg,1,train
949,1146.jpg,1,train
950,1147.jpg,1,val
951,1148.jpg,1,train
952,1149.jpg,1,train
953,1150.jpg,1,train
954,1151.jpg,1,train
955,1152.jpg,1,train
956,1153.jpg,1,test
957,1154.jpg,1,train
958,1155.jpg,1,train
959,1156.jpg,1,train
960,1157.jpg,1,train
961,1158.jpg,1,test
962,1159.jpg,1,val
963,1160.jpg,1,train
964,1161.jpg,1,train
965,1162.jpg,1,train
966,1163.jpg,1,train
967,1164.jpg,1,train
968,1165.jpg,1,train
969,1166.jpg,1,train
970,1167.jpg,1,train
971,1168.jpg,1,train
972,1169.jpg,1,test
973,1170.jpg,1,test
974,1171.jpg,1,train
975,1172.jpg,1,train
976,1173.jpg,1,test
977,1174.jpg,1,train
978,1175.jpg,1,train
979,1176.jpg,1,train
980,1177.jpg,1,train
981,1178.jpg,1,test
982,1179.jpg,1,train
983,1180.jpg,1,test
984,1181.jpg,1,train
985,1182.jpg,1,train
986,1183.jpg,1,train
987,1184.jpg,1,train
988,1185.jpg,1,test
989,1186.jpg,1,train
990,1187.jpg,1,train
991,1188.jpg,1,train
992,1189.jpg,1,train
993,1190.jpg,1,test
994,1191.jpg,1,val
995,1192.jpg,1,test
996,1193.jpg,1,train
997,1194.jpg,1,train
998,1195.jpg,1,train
999,1196.jpg,1,val
1000,1197.jpg,1,test
1001,1198.jpg,1,train
1002,1199.jpg,1,test
1003,1200.jpg,1,test
1004,1201.jpg,1,val
1005,1202.jpg,1,train
1006,1203.jpg,1,train
1007,1204.jpg,1,train
1008,1205.jpg,1,train
1009,1206.jpg,1,train
1010,1207.jpg,1,val
1011,1208.jpg,1,train
1012,1209.jpg,1,train
1013,1210.jpg,1,train
1014,1211.jpg,1,train
1015,1212.jpg,1,train
1016,1213.jpg,1,train
1017,1214.jpg,1,train
1018,1215.jpg,1,train
1019,1216.jpg,1,train
1020,1217.jpg,1,train
1021,1218.jpg,1,train
1022,1219.jpg,1,val
1023,1220.jpg,1,val
1024,1221.jpg,1,train
1025,1222.jpg,1,train
1026,1223.jpg,1,train
1027,1224.jpg,1,train
1028,1225.jpg,1,train
1029,1226.jpg,1,test
1030,1227.jpg,1,test
1031,1228.jpg,1,train
1032,1229.jpg,1,train
1033,1230.jpg,1,train
1034,1231.jpg,1,train
1035,1232.jpg,1,train
1036,1233.jpg,1,train
1037,1234.jpg,1,train
1038,1235.jpg,1,train
1039,1236.jpg,1,train
1040,1237.jpg,1,train
1041,1238.jpg,1,train
1042,1239.jpg,1,train
1043,1240.jpg,1,train
1044,1241.jpg,1,train
1045,1242.jpg,1,test
1046,1243.jpg,1,test
1047,1244.jpg,1,val
1048,1245.jpg,1,test
1049,1246.jpg,1,val
1050,1247.jpg,1,val
1051,1248.jpg,1,train
1052,1249.jpg,1,val
1053,1250.jpg,1,train
1054,1251.jpg,1,train
1055,1252.jpg,1,test
1056,1253.jpg,1,train
1057,1254.jpg,1,val
1058,1255.jpg,1,val
1059,1256.jpg,1,train
1060,1257.jpg,1,test
1061,1258.jpg,1,train
1062,1259.jpg,1,train
1063,1260.jpg,1,train
1064,1261.jpg,1,test
1065,1262.jpg,1,train
1066,1263.jpg,1,train
1067,1264.jpg,1,train
1068,1265.jpg,1,test
1069,1266.jpg,1,train
1070,1267.jpg,1,train
1071,1268.jpg,1,test
1072,1269.jpg,1,train
1073,1270.jpg,1,train
1074,1271.jpg,1,train
1075,1272.jpg,1,train
1076,1273.jpg,1,train
1077,1274.jpg,1,val
1078,1275.jpg,1,train
1079,1276.jpg,1,test
1080,1277.jpg,1,train
1081,1278.jpg,1,train
1082,1279.jpg,1,val
1083,1280.jpg,1,test
1084,1281.jpg,1,train
1085,1282.jpg,1,train
1086,1283.jpg,1,test
1087,1284.jpg,1,test
1088,1285.jpg,1,train
1089,1286.jpg,1,train
1090,1287.jpg,1,val
1091,1288.jpg,1,train
1092,1289.jpg,1,train
1093,1290.jpg,1,train
1094,1291.jpg,1,train
1095,1292.jpg,1,train
1096,1293.jpg,1,train
1097,1294.jpg,1,train
1098,1295.jpg,1,train
1099,1296.jpg,1,train
1100,1297.jpg,1,val
1101,1298.jpg,1,train
1102,1299.jpg,1,test
1103,1300.jpg,1,val
1104,1301.jpg,1,train
1105,1302.jpg,1,train
1106,1303.jpg,1,train
1107,1304.jpg,1,train
1108,1305.jpg,1,train
1109,1306.jpg,1,train
1110,1307.jpg,1,test
1111,1308.jpg,1,test
1112,1309.jpg,1,train
1113,1310.jpg,1,train
1114,1311.jpg,1,test
1115,1312.jpg,1,val
1116,1313.jpg,1,train
1117,1314.jpg,1,train
1118,1315.jpg,1,train
1119,1316.jpg,1,train
1120,1317.jpg,1,train
1121,1318.jpg,1,test
1122,1319.jpg,1,test
1123,1320.jpg,1,train
1124,1321.jpg,1,train
1125,1322.jpg,1,train
1126,1323.jpg,1,train
1127,1324.jpg,1,test
1128,1325.jpg,1,train
1129,1326.jpg,1,test
1130,1327.jpg,1,train
1131,1328.jpg,1,train
1132,1329.jpg,1,test
1133,1330.jpg,1,train
1134,1331.jpg,1,train
1135,1332.jpg,1,train
1136,1333.jpg,1,train
1137,1334.jpg,1,train
1138,1335.jpg,1,train
1139,1336.jpg,1,train
1140,1337.jpg,1,test
1141,1338.jpg,1,train
1142,1339.jpg,1,train
1143,1340.jpg,1,train
1144,1341.jpg,1,train
1145,1342.jpg,1,test
1146,1343.jpg,1,train
1147,1344.jpg,1,val
1148,1345.jpg,1,val
1149,1346.jpg,1,train
1150,1347.jpg,1,train
1151,1348.jpg,1,test
1152,1349.jpg,1,val
1153,1350.jpg,1,train
1154,1351.jpg,1,train
1155,1352.jpg,1,train
1156,1353.jpg,1,train
1157,1354.jpg,1,train
1158,1355.jpg,1,train
1159,1356.jpg,1,train
1160,1357.jpg,1,test
1161,1358.jpg,1,train
1162,1359.jpg,1,test
1163,1360.jpg,1,val
1164,1361.jpg,1,test
1165,1362.jpg,1,train
1166,1363.jpg,1,train
1167,1364.jpg,1,train
1168,1365.jpg,1,train
1169,1366.jpg,1,test
1170,1367.jpg,1,train
1171,1368.jpg,1,train
1172,1369.jpg,1,train
1173,1370.jpg,1,train
1174,1371.jpg,1,train
1175,1372.jpg,1,train
1176,1373.jpg,1,train
1177,1374.jpg,1,train
1178,1375.jpg,1,val
1179,1376.jpg,1,train
1180,1377.jpg,1,train
1181,1378.jpg,1,train
1182,1379.jpg,1,train
1183,1380.jpg,1,train
1184,1381.jpg,1,test
1185,1382.jpg,1,train
1186,1383.jpg,1,train
1187,1384.jpg,1,train
1188,1385.jpg,1,train
1189,1386.jpg,1,test
1190,1387.jpg,1,train
1191,1388.jpg,1,train
1192,1389.jpg,1,train
1193,1390.jpg,1,train
1194,1391.jpg,1,train
1195,1392.jpg,1,train
1196,1393.jpg,1,test
1197,1394.jpg,1,train
1198,1395.jpg,1,train
1199,1396.jpg,1,train
1200,1397.jpg,1,train
1201,1398.jpg,1,train
1202,1399.jpg,1,val
1203,1400.jpg,1,val
1204,1401.jpg,1,val
1205,1402.jpg,1,train
1206,1403.jpg,1,test
1207,1404.jpg,1,train
1208,1405.jpg,1,train
1209,1406.jpg,1,train
1210,1407.jpg,1,train
1211,1408.jpg,1,val
1212,1409.jpg,1,train
1213,1410.jpg,1,train
1214,1411.jpg,1,test
1215,1412.jpg,1,train
1216,1413.jpg,1,test
1217,1414.jpg,1,test
1218,1415.jpg,1,train
1219,1416.jpg,1,train
1220,1417.jpg,1,train
1221,1418.jpg,1,test
1222,1419.jpg,1,train
1223,1420.jpg,1,test
1224,1421.jpg,1,train
1225,1422.jpg,1,val
1226,1423.jpg,1,train
1227,1424.jpg,1,train
1228,1425.jpg,1,train
1229,1426.jpg,1,train
1230,1427.jpg,1,train
1231,1428.jpg,1,test
1232,1429.jpg,1,test
1233,1430.jpg,1,test
1234,1431.jpg,1,train
1235,1432.jpg,1,test
1236,1433.jpg,1,train
1237,1434.jpg,1,train
1238,1435.jpg,1,train
1239,1436.jpg,1,val
1240,1437.jpg,1,train
1241,1438.jpg,1,train
1242,1439.jpg,1,train
1243,1440.jpg,1,test
1244,1441.jpg,1,train
1245,1442.jpg,1,train
1246,1443.jpg,1,train
1247,1444.jpg,1,train
1248,1445.jpg,1,train
1249,1446.jpg,1,test
1250,1447.jpg,1,train
1251,1448.jpg,1,train
1252,1449.jpg,1,test
1253,1450.jpg,1,train
1254,1451.jpg,1,val
1255,1452.jpg,1,test
1256,1453.jpg,1,train
1257,1454.jpg,1,train
1258,1455.jpg,1,test
1259,1456.jpg,1,train
1260,1457.jpg,1,train
1261,1458.jpg,1,val
1262,1459.jpg,1,train
1263,1460.jpg,1,train
1264,1461.jpg,1,test
1265,1462.jpg,1,train
1266,1463.jpg,1,test
1267,1464.jpg,1,train
1268,1465.jpg,1,train
1269,1466.jpg,1,test
1270,1467.jpg,1,test
1271,1468.jpg,1,train
1272,1469.jpg,1,train
1273,1470.jpg,1,test
1274,1471.jpg,1,val
1275,1472.jpg,1,train
1276,1473.jpg,1,val
1277,1474.jpg,1,test
1278,1475.jpg,1,train
1279,1476.jpg,1,train
1280,1477.jpg,1,train
1281,1478.jpg,1,test
1282,1479.jpg,1,train
1283,1480.jpg,1,train
1284,1481.jpg,1,train
1285,1482.jpg,1,train
1286,1483.jpg,1,train
1287,1484.jpg,1,val
1288,1485.jpg,1,train
1289,1486.jpg,1,test
1290,1487.jpg,1,train
1291,1488.jpg,1,train
1292,1489.jpg,1,train
1293,1490.jpg,1,train
1294,1491.jpg,1,test
1295,1492.jpg,1,val
1296,1493.jpg,1,train
1297,1494.jpg,1,test
1298,1495.jpg,1,val
1299,1496.jpg,1,train
1300,1497.jpg,1,test
1301,1498.jpg,1,train
1302,1499.jpg,1,train
1303,1500.jpg,1,train
1304,1501.jpg,1,train
1305,1502.jpg,1,train
1306,1503.jpg,1,val
1307,1504.jpg,1,train
1308,1505.jpg,1,train
1309,1506.jpg,1,test
1310,1507.jpg,1,val
1311,1508.jpg,1,train
1312,1509.jpg,1,test
1313,1510.jpg,1,train
1314,1511.jpg,1,train
1315,1512.jpg,1,train
1316,1513.jpg,1,train
1317,1514.jpg,1,val
1318,1515.jpg,1,train
1319,1516.jpg,1,test
1320,1517.jpg,1,test
1321,1518.jpg,1,test
1322,1519.jpg,1,train
1323,1520.jpg,1,test
1324,1521.jpg,1,train
1325,1522.jpg,1,train
1326,1523.jpg,1,train
1327,1524.jpg,1,test
1328,1525.jpg,1,test
1329,1526.jpg,1,train
1330,1527.jpg,1,train
1331,1528.jpg,1,val
1332,1529.jpg,1,train
1333,1530.jpg,1,train
1334,1531.jpg,1,train
1335,1532.jpg,1,train
1336,1533.jpg,1,train
1337,1534.jpg,1,train
1338,1535.jpg,1,train
1339,1536.jpg,1,train
1340,1537.jpg,1,train
1341,1538.jpg,1,train
1342,1539.jpg,1,train
1343,1540.jpg,1,train
1344,1541.jpg,1,test
1345,1542.jpg,1,train
1346,1543.jpg,1,train
1347,1544.jpg,1,test
1348,1545.jpg,1,val
1349,1546.jpg,1,train
1350,1547.jpg,1,test
1351,1548.jpg,1,train
1352,1549.jpg,1,train
1353,1550.jpg,1,train
1354,1551.jpg,1,train
1355,1552.jpg,1,val
1356,1553.jpg,1,test
1357,1554.jpg,1,test
1358,1555.jpg,1,train
1359,1556.jpg,1,train
1360,1557.jpg,1,train
1361,1558.jpg,1,test
1362,1559.jpg,1,val
1363,1560.jpg,1,test
1364,1561.jpg,1,train
1365,1562.jpg,1,test
1366,1563.jpg,1,train
1367,1564.jpg,1,train
1368,1565.jpg,1,train
1369,1566.jpg,1,train
1370,1567.jpg,1,train
1371,1568.jpg,1,val
1372,1569.jpg,1,train
1373,1570.jpg,1,test
1374,1571.jpg,1,test
1375,1572.jpg,1,test
1376,1573.jpg,1,train
1377,1574.jpg,1,train
1378,1575.jpg,1,test
1379,1576.jpg,1,train
1380,1577.jpg,1,train
1381,1578.jpg,1,train
1382,1579.jpg,1,test
1383,1580.jpg,1,train
1384,1581.jpg,1,train
1385,1582.jpg,1,val
1386,1583.jpg,1,val
1387,1584.jpg,1,train
1388,1585.jpg,1,train
1389,1586.jpg,1,test
1390,1587.jpg,1,train
1391,1588.jpg,1,train
1392,1589.jpg,1,train
1393,1590.jpg,1,train
1394,1591.jpg,1,train
1395,1592.jpg,1,train
1396,1593.jpg,1,train
1397,1594.jpg,1,test
1398,1595.jpg,1,train
1399,1596.jpg,1,train
1400,1597.jpg,1,train
1401,1598.jpg,1,train
1402,1599.jpg,1,test
1403,1600.jpg,1,train
1404,1601.jpg,1,train
1405,1602.jpg,1,train
1406,1603.jpg,1,train
1407,1604.jpg,1,test
1408,1605.jpg,1,test
1409,1606.jpg,1,test
1410,1607.jpg,1,train
1411,1608.jpg,1,train
1412,1609.jpg,1,train
1413,1610.jpg,1,train
1414,1611.jpg,1,train
1415,1612.jpg,1,val
1416,1613.jpg,1,train
1417,1614.jpg,1,train
1418,1615.jpg,1,train
1419,1616.jpg,1,train
1420,1617.jpg,1,train
1421,1618.jpg,1,train
1422,1619.jpg,1,test
1423,1620.jpg,1,train
1424,1621.jpg,1,train
1425,1622.jpg,1,train
1426,1623.jpg,1,test
1427,1624.jpg,1,train
1428,1625.jpg,1,train
1429,1626.jpg,1,train
1430,1627.jpg,1,train
1431,1628.jpg,1,test
1432,1629.jpg,1,train
1433,1630.jpg,1,test
1434,1631.jpg,1,train
1435,1632.jpg,1,train
1436,1633.jpg,1,train
1437,1634.jpg,1,train
1438,1635.jpg,1,train
1439,1636.jpg,1,val
1440,1637.jpg,1,train
1441,1638.jpg,1,train
1442,1639.jpg,1,train
1443,1640.jpg,1,val
1444,1641.jpg,1,train
1445,1642.jpg,1,test
1446,1643.jpg,1,train
1447,1644.jpg,1,train
1448,1645.jpg,1,train
1449,1646.jpg,1,test
1450,1647.jpg,1,train
1451,1648.jpg,1,train
1452,1649.jpg,1,train
1453,1650.jpg,1,train
1454,1651.jpg,1,train
1455,1652.jpg,1,train
1456,1653.jpg,1,train
1457,1654.jpg,1,train
1458,1655.jpg,1,test
1459,1656.jpg,1,train
1460,1657.jpg,1,train
1461,1658.jpg,1,train
1462,1659.jpg,1,train
1463,1660.jpg,1,train
1464,1661.jpg,1,test
1465,1662.jpg,1,train
1466,1663.jpg,1,train
1467,1664.jpg,1,test
1468,1665.jpg,1,train
1469,1666.jpg,1,test
1470,1667.jpg,1,train
1471,1668.jpg,1,train
1472,1669.jpg,1,test
1473,1670.jpg,1,train
1474,1671.jpg,1,train
1475,1672.jpg,1,train
1476,1673.jpg,1,test
1477,1674.jpg,1,train
1478,1675.jpg,1,train
1479,1676.jpg,1,train
1480,1677.jpg,1,train
1481,1678.jpg,1,train
1482,1679.jpg,1,train
1483,1680.jpg,1,test
1484,1681.jpg,1,test
1485,1682.jpg,1,train
1486,1683.jpg,1,train
1487,1684.jpg,1,train
1488,1685.jpg,1,train
1489,1686.jpg,1,train
1490,1687.jpg,1,val
1491,1688.jpg,1,test
1492,1689.jpg,1,train
1493,1690.jpg,1,test
1494,1691.jpg,1,train
1495,1692.jpg,1,train
1496,1693.jpg,1,val
1497,1694.jpg,1,train
1498,1695.jpg,1,train
1499,1696.jpg,1,train
1500,1697.jpg,1,train
1501,1698.jpg,1,test
1502,1699.jpg,1,test
1503,1700.jpg,1,train
1504,1701.jpg,1,val
1505,1702.jpg,1,train
1506,1703.jpg,1,test
1507,1704.jpg,1,train
1508,1705.jpg,1,train
1509,1706.jpg,1,train
1510,1707.jpg,1,train
1511,1708.jpg,1,train
1512,1709.jpg,1,train
1513,1710.jpg,1,train
1514,1711.jpg,1,train
1515,1712.jpg,1,train
1516,1713.jpg,1,train
1517,1714.jpg,1,test
1518,1715.jpg,1,val
1519,1716.jpg,1,train
1520,1717.jpg,1,train
1521,1718.jpg,1,train
1522,1719.jpg,1,train
1523,1720.jpg,1,test
1524,1721.jpg,1,val
1525,1722.jpg,1,train
1526,1723.jpg,1,train
1527,1724.jpg,1,train
1528,1725.jpg,1,train
1529,1726.jpg,1,train
1530,1727.jpg,1,val
1531,1728.jpg,1,test
1532,1729.jpg,1,train
1533,1730.jpg,1,train
1534,1731.jpg,1,test
1535,1732.jpg,1,train
1536,1733.jpg,1,train
1537,1734.jpg,1,test
1538,1735.jpg,1,train
1539,1736.jpg,1,train
1540,1737.jpg,1,train
1541,1738.jpg,1,test
1542,1739.jpg,1,train
1543,1740.jpg,1,train
1544,1741.jpg,1,train
1545,1742.jpg,1,train
1546,1743.jpg,1,train
1547,1744.jpg,1,train
1548,1745.jpg,1,train
1549,1746.jpg,1,train
1550,1747.jpg,1,train
1551,1748.jpg,1,test
1552,1749.jpg,1,train
1553,1750.jpg,1,train
1554,1751.jpg,1,train
1555,1752.jpg,1,val
1556,1753.jpg,1,train
1557,1754.jpg,1,test
1558,1755.jpg,1,test
1559,1756.jpg,1,train
1560,1757.jpg,1,train
1561,1758.jpg,1,train
1562,1759.jpg,1,train
1563,1760.jpg,1,val
1564,1761.jpg,1,train
1565,1762.jpg,1,train
1566,1763.jpg,1,test
1567,1764.jpg,1,train
1568,1765.jpg,1,train
1569,1766.jpg,1,train
1570,1767.jpg,1,train
1571,1768.jpg,1,train
1572,1769.jpg,1,test
1573,1770.jpg,1,train
1574,1771.jpg,1,train
1575,1772.jpg,1,train
1576,1773.jpg,1,test
1577,1774.jpg,1,train
1578,1775.jpg,1,train
1579,1776.jpg,1,train
1580,1777.jpg,1,train
1581,1778.jpg,1,train
1582,1779.jpg,1,train
1583,1780.jpg,1,train
1584,1781.jpg,1,val
1585,1782.jpg,1,val
1586,1783.jpg,1,test
1587,1784.jpg,1,train
1588,1785.jpg,1,test
1589,1786.jpg,1,train
1590,1787.jpg,1,train
1591,1788.jpg,1,train
1592,1789.jpg,1,train
1593,1790.jpg,1,train
1594,1791.jpg,1,val
1595,1792.jpg,1,train
1596,1793.jpg,1,val
1597,1794.jpg,1,train
1598,1795.jpg,1,train
1599,1796.jpg,1,train
1600,1797.jpg,1,val
1601,1798.jpg,1,train
1602,1799.jpg,1,val
1603,1800.jpg,1,train
1604,1801.jpg,1,train
1605,1802.jpg,1,test
1606,1803.jpg,1,train
1607,1804.jpg,1,train
1608,1805.jpg,1,train
1609,1806.jpg,1,train
1610,1807.jpg,1,train
1611,1808.jpg,1,train
1612,1809.jpg,1,train
1613,1810.jpg,1,train
1614,1811.jpg,1,train
1615,1812.jpg,1,test
1616,1813.jpg,1,test
1617,1814.jpg,1,test
1618,1815.jpg,1,test
1619,1816.jpg,1,val
1620,1817.jpg,1,train
1621,1818.jpg,1,test
1622,1819.jpg,1,train
1623,1820.jpg,1,train
1624,1821.jpg,1,test
1625,1822.jpg,1,train
1626,1823.jpg,1,train
1627,1824.jpg,1,train
1628,1825.jpg,1,test
1629,1826.jpg,1,train
1630,1827.jpg,1,train
1631,1828.jpg,1,train
1632,1829.jpg,1,val
1633,1830.jpg,1,train
1634,1831.jpg,1,train
1635,1832.jpg,1,test
1636,1833.jpg,1,train
1637,1834.jpg,1,test
1638,1835.jpg,1,train
1639,1836.jpg,1,train
1640,1837.jpg,1,val
1641,1838.jpg,1,train
1642,1839.jpg,1,test
1643,1840.jpg,1,train
1644,1841.jpg,1,test
1645,1842.jpg,1,train
1646,1843.jpg,1,val
1647,1844.jpg,1,train
1648,1845.jpg,1,train
1649,1846.jpg,1,train
1650,1847.jpg,1,test
1651,1848.jpg,1,train
1652,1849.jpg,1,test
1653,1850.jpg,1,train
1654,1851.jpg,1,train
1655,1852.jpg,1,train
1656,1853.jpg,1,train
1657,1854.jpg,1,train
1658,1855.jpg,1,train
1659,1856.jpg,1,test
1660,1857.jpg,1,test
1661,1858.jpg,1,test
1662,1859.jpg,1,test
1663,1860.jpg,1,train
1664,1861.jpg,1,train
1665,1862.jpg,1,train
1666,1863.jpg,1,test
1667,1864.jpg,1,train
1668,1865.jpg,1,train
1669,1866.jpg,1,test
1670,1867.jpg,1,train
1671,1868.jpg,1,test
1672,1869.jpg,1,train
1673,1870.jpg,1,train
1674,1871.jpg,1,val
1675,1872.jpg,1,test
1676,1873.jpg,1,test
1677,1874.jpg,1,test
1678,1875.jpg,1,train
1679,1876.jpg,1,test
1680,1877.jpg,1,train
1681,1878.jpg,1,train
1682,1879.jpg,1,test
1683,1880.jpg,1,train
1684,1881.jpg,1,train
1685,1882.jpg,1,train
1686,1883.jpg,1,train
1687,1884.jpg,1,train
1688,1885.jpg,1,train
1689,1886.jpg,1,val
1690,1887.jpg,1,val
1691,1888.jpg,1,train
1692,1889.jpg,1,train
1693,1890.jpg,1,train
1694,1891.jpg,1,train
1695,1892.jpg,1,train
1696,1893.jpg,1,train
1697,1894.jpg,1,train
1698,1895.jpg,1,test
1699,1896.jpg,1,train
1700,1897.jpg,1,val
1701,1898.jpg,1,train
1702,1899.jpg,1,train
1703,1900.jpg,1,test
1704,1901.jpg,1,val
1705,1902.jpg,1,train
1706,1903.jpg,1,train
1707,1904.jpg,1,train
1708,1905.jpg,1,train
1709,1906.jpg,1,train
1710,1907.jpg,1,train
1711,1908.jpg,1,train
1712,1909.jpg,1,val
1713,1910.jpg,1,train
1714,1911.jpg,1,train
1715,1912.jpg,1,train
1716,1913.jpg,1,train
1717,1914.jpg,1,train
1718,1915.jpg,1,train
1719,1916.jpg,1,train
1720,1917.jpg,1,train
1721,1918.jpg,1,val
1722,1919.jpg,1,train
1723,1920.jpg,1,train
1724,1921.jpg,1,test
1725,1922.jpg,1,train
1726,1923.jpg,1,train
1727,1924.jpg,1,test
1728,1925.jpg,1,train
1729,1926.jpg,1,test
1730,1927.jpg,1,train
1731,1928.jpg,1,val
1732,1929.jpg,1,val
1733,1930.jpg,1,test
1734,1931.jpg,1,test
1735,1932.jpg,1,train
1736,1933.jpg,1,train
1737,1934.jpg,1,train
1738,1935.jpg,1,train
1739,1936.jpg,1,train
1740,1937.jpg,1,train
1741,1938.jpg,1,train
1742,1939.jpg,1,train
1743,1940.jpg,1,train
1744,1941.jpg,1,train
1745,1942.jpg,1,train
1746,1943.jpg,1,test
1747,1944.jpg,1,train
1748,1945.jpg,1,train
1749,1946.jpg,1,train
1750,1947.jpg,1,test
1751,1948.jpg,1,val
1752,1949.jpg,1,val
1753,1950.jpg,1,train
1754,1951.jpg,1,train
1755,1952.jpg,1,train
1756,1953.jpg,1,train
1757,1954.jpg,1,train
1758,1955.jpg,1,train
1759,1956.jpg,1,test
1760,1957.jpg,1,train
1761,1958.jpg,1,val
1762,1959.jpg,1,train
1763,1960.jpg,1,train
1764,1961.jpg,1,train
1765,1962.jpg,1,train
1766,1963.jpg,1,train
1767,1964.jpg,1,test
1768,1965.jpg,1,train
1769,1966.jpg,1,train
1770,1967.jpg,1,train
1771,1968.jpg,1,train
1772,1969.jpg,1,train
1773,1970.jpg,1,val
1774,1971.jpg,1,train
1775,1972.jpg,1,train
1776,1973.jpg,1,train
1777,1974.jpg,1,train
1778,1975.jpg,1,train
1779,1976.jpg,1,train
1780,1977.jpg,1,test
1781,1978.jpg,1,train
1782,1979.jpg,1,train
1783,1980.jpg,1,train
1784,1981.jpg,1,train
1785,1982.jpg,1,test
1786,1983.jpg,1,train
1787,1984.jpg,1,train
1788,1985.jpg,1,train
1789,1986.jpg,1,test
1790,1987.jpg,1,train
1791,1988.jpg,1,test
1792,1989.jpg,1,train
1793,1990.jpg,1,test
1794,1991.jpg,1,train
1795,1992.jpg,1,test
1796,1993.jpg,1,train
1797,1994.jpg,1,train
1798,1995.jpg,1,train
1799,1996.jpg,1,train
1800,1997.jpg,1,test
1801,1998.jpg,1,train
1802,1999.jpg,1,test
1803,2000.jpg,1,train
1804,2001.jpg,1,train
1805,2002.jpg,1,test
1806,2003.jpg,1,test
1807,2004.jpg,1,test
1808,2005.jpg,1,train
1809,2006.jpg,1,val
1810,2007.jpg,1,train
1811,2008.jpg,1,train
1812,2009.jpg,1,train
1813,2010.jpg,1,test
1814,2011.jpg,1,train
1815,2012.jpg,1,val
1816,2013.jpg,1,train
1817,2014.jpg,1,train
1818,2015.jpg,1,train
1819,2016.jpg,1,train
1820,2017.jpg,1,train
1821,2018.jpg,1,train
1822,2019.jpg,1,val
1823,2020.jpg,1,train
1824,2021.jpg,1,train
1825,2022.jpg,1,test
1826,2023.jpg,1,train
1827,2024.jpg,1,train
1828,2025.jpg,1,train
1829,2026.jpg,1,train
1830,2027.jpg,1,train
1831,2028.jpg,1,train
1832,2029.jpg,1,train
1833,2030.jpg,1,val
1834,2031.jpg,1,train
1835,2032.jpg,1,train
1836,2033.jpg,1,train
1837,2034.jpg,1,train
1838,2035.jpg,1,train
1839,2036.jpg,1,train
1840,2037.jpg,1,train
1841,2038.jpg,1,train
1842,2039.jpg,1,train
1843,2040.jpg,1,train
1844,2041.jpg,1,train
1845,2042.jpg,1,test
1846,2043.jpg,1,test
1847,2044.jpg,1,train
1848,2045.jpg,1,train
1849,2046.jpg,1,train
1850,2047.jpg,1,train
1851,2048.jpg,1,train
1852,2049.jpg,1,train
1853,2050.jpg,1,train
1854,2051.jpg,1,train
1855,2052.jpg,1,test
1856,2053.jpg,1,test
1857,2054.jpg,1,val
1858,2055.jpg,1,test
1859,2056.jpg,1,train
1860,2057.jpg,1,test
1861,2058.jpg,1,train
1862,2059.jpg,1,train
1863,2060.jpg,1,train
1864,2061.jpg,1,train
1865,2062.jpg,1,train
1866,2063.jpg,1,val
1867,2064.jpg,1,train
1868,2065.jpg,1,val
1869,2066.jpg,1,test
1870,2067.jpg,1,train
1871,2068.jpg,1,train
1872,2069.jpg,1,train
1873,2070.jpg,1,train
1874,2071.jpg,1,train
1875,2072.jpg,1,train
1876,2073.jpg,1,train
1877,2074.jpg,1,train
1878,2075.jpg,1,train
1879,2076.jpg,1,val
1880,2077.jpg,1,train
1881,2078.jpg,1,test
1882,2079.jpg,1,train
1883,2080.jpg,1,test
1884,2081.jpg,1,train
1885,2082.jpg,1,test
1886,2083.jpg,1,test
1887,2084.jpg,1,train
1888,2085.jpg,1,test
1889,2086.jpg,1,val
1890,2087.jpg,1,train
1891,2088.jpg,1,train
1892,2089.jpg,1,val
1893,2090.jpg,1,train
1894,2091.jpg,1,train
1895,2092.jpg,1,train
1896,2093.jpg,1,train
1897,2094.jpg,1,train
1898,2095.jpg,1,train
1899,2096.jpg,1,train
1900,2097.jpg,1,train
1901,2098.jpg,1,train
1902,2099.jpg,1,train
1903,2100.jpg,1,train
1904,2101.jpg,1,train
1905,2102.jpg,1,test
1906,2103.jpg,1,train
1907,2104.jpg,1,train
1908,2105.jpg,1,test
1909,2106.jpg,1,test
1910,2107.jpg,1,test
1911,2108.jpg,1,train
1912,2109.jpg,1,val
1913,2110.jpg,1,train
1914,2111.jpg,1,train
1915,2112.jpg,1,test
1916,2113.jpg,1,test
1917,2114.jpg,1,val
1918,2115.jpg,1,train
1919,2116.jpg,1,train
1920,2117.jpg,1,train
1921,2118.jpg,1,test
1922,2119.jpg,1,train
1923,2120.jpg,1,train
1924,2121.jpg,1,train
1925,2122.jpg,1,test
1926,2123.jpg,1,train
1927,2124.jpg,1,val
1928,2125.jpg,1,test
1929,2126.jpg,1,train
1930,2127.jpg,1,train
1931,2128.jpg,1,train
1932,2129.jpg,1,val
1933,2130.jpg,1,train
1934,2131.jpg,1,train
1935,2132.jpg,1,train
1936,2133.jpg,1,train
1937,2134.jpg,1,train
1938,2135.jpg,1,train
1939,2136.jpg,1,train
1940,2137.jpg,1,train
1941,2138.jpg,1,train
1942,2139.jpg,1,train
1943,2140.jpg,1,train
1944,2141.jpg,1,train
1945,2142.jpg,1,train
1946,2143.jpg,1,train
1947,2144.jpg,1,val
1948,2145.jpg,1,train
1949,2146.jpg,1,train
1950,2147.jpg,1,train
1951,2148.jpg,1,train
1952,2149.jpg,1,train
1953,2150.jpg,1,train
1954,2151.jpg,1,test
1955,2152.jpg,1,train
1956,2153.jpg,1,train
1957,2154.jpg,1,train
1958,2155.jpg,1,train
1959,2156.jpg,1,train
1960,2157.jpg,1,train
1961,2158.jpg,1,train
1962,2159.jpg,1,test
1963,2160.jpg,1,train
1964,2161.jpg,1,train
1965,2162.jpg,1,train
1966,2163.jpg,1,train
1967,2164.jpg,1,train
1968,2165.jpg,1,train
1969,2166.jpg,1,train
1970,2167.jpg,1,train
1971,2168.jpg,1,test
1972,2169.jpg,1,train
1973,2170.jpg,1,train
1974,2171.jpg,1,test
1975,2172.jpg,1,train
1976,2173.jpg,1,val
1977,2174.jpg,1,train
1978,2175.jpg,1,train
1979,2176.jpg,1,train
1980,2177.jpg,1,train
1981,2178.jpg,1,train
1982,2179.jpg,1,train
1983,2180.jpg,1,test
1984,2181.jpg,1,train
1985,2182.jpg,1,val
1986,2183.jpg,1,train
1987,2184.jpg,1,test
1988,2185.jpg,1,train
1989,2186.jpg,1,train
1990,2187.jpg,1,train
1991,2188.jpg,1,test
1992,2189.jpg,1,train
1993,2190.jpg,1,train
1994,2191.jpg,1,train
1995,2192.jpg,1,train
1996,2193.jpg,1,test
1997,2194.jpg,1,train
1998,2195.jpg,1,train
1999,2196.jpg,1,train
2000,2197.jpg,1,train
2001,2198.jpg,1,train
2002,2199.jpg,1,test
2003,2200.jpg,1,train
2004,2201.jpg,1,train
2005,2202.jpg,1,train
2006,2203.jpg,1,train
2007,2204.jpg,1,test
2008,2205.jpg,1,val
2009,2206.jpg,1,train
2010,2207.jpg,1,train
2011,2208.jpg,1,train
2012,2209.jpg,1,train
2013,2210.jpg,1,test
2014,2211.jpg,1,train
2015,2212.jpg,1,test
2016,2213.jpg,1,train
2017,2214.jpg,1,train
2018,2215.jpg,1,train
2019,2216.jpg,1,train
2020,2217.jpg,1,train
2021,2218.jpg,1,train
2022,2219.jpg,1,train
2023,2220.jpg,1,train
2024,2221.jpg,1,train
2025,2222.jpg,1,test
2026,2223.jpg,1,train
2027,2224.jpg,1,train
2028,2225.jpg,1,train
2029,2226.jpg,1,test
2030,2227.jpg,1,test
2031,2228.jpg,1,train
2032,2229.jpg,1,train
2033,2230.jpg,1,train
2034,2231.jpg,1,train
2035,2232.jpg,1,train
2036,2233.jpg,1,train
2037,2234.jpg,1,train
2038,2235.jpg,1,test
2039,2236.jpg,1,test
2040,2237.jpg,1,train
2041,2238.jpg,1,train
2042,2239.jpg,1,train
2043,2240.jpg,1,val
2044,2241.jpg,1,train
2045,2242.jpg,1,test
2046,2243.jpg,1,test
2047,2244.jpg,1,train
2048,2245.jpg,1,test
2049,2246.jpg,1,train
2050,2247.jpg,1,test
2051,2248.jpg,1,val
2052,2249.jpg,1,train
2053,2250.jpg,1,train
2054,2251.jpg,1,train
2055,2252.jpg,1,train
2056,2253.jpg,1,test
2057,2254.jpg,1,train
2058,2255.jpg,1,test
2059,2256.jpg,1,train
2060,2257.jpg,1,train
2061,2258.jpg,1,train
2062,2259.jpg,1,train
2063,2260.jpg,1,train
2064,2261.jpg,1,val
2065,2262.jpg,1,train
2066,2263.jpg,1,train
2067,2264.jpg,1,train
2068,2265.jpg,1,train
2069,2266.jpg,1,train
2070,2267.jpg,1,train
2071,2268.jpg,1,train
2072,2269.jpg,1,val
2073,2270.jpg,1,train
2074,2271.jpg,1,test
2075,2272.jpg,1,train
2076,2273.jpg,1,train
2077,2274.jpg,1,test
2078,2275.jpg,1,train
2079,2276.jpg,1,test
2080,2277.jpg,1,train
2081,2278.jpg,1,train
2082,2279.jpg,1,val
2083,2280.jpg,1,train
2084,2281.jpg,1,test
2085,2282.jpg,1,train
2086,2283.jpg,1,train
2087,2284.jpg,1,train
2088,2285.jpg,1,test
2089,2286.jpg,1,train
2090,2287.jpg,1,test
2091,2288.jpg,1,train
2092,2289.jpg,1,val
2093,2290.jpg,1,train
2094,2291.jpg,1,test
2095,2292.jpg,1,train
2096,2293.jpg,1,test
2097,2294.jpg,1,train
2098,2295.jpg,1,test
2099,2296.jpg,1,val
2100,2297.jpg,1,train
2101,2298.jpg,1,train
2102,2299.jpg,1,train
2103,2300.jpg,1,train
2104,2301.jpg,1,train
2105,2302.jpg,1,test
2106,2303.jpg,1,train
2107,2304.jpg,1,train
2108,2305.jpg,1,train
2109,2306.jpg,1,train
2110,2307.jpg,1,val
2111,2308.jpg,1,train
2112,2309.jpg,1,train
2113,2310.jpg,1,train
2114,2311.jpg,1,train
2115,2312.jpg,1,train
2116,2313.jpg,1,train
2117,2314.jpg,1,train
2118,2315.jpg,1,train
2119,2316.jpg,1,test
2120,2317.jpg,1,test
2121,2318.jpg,1,train
2122,2319.jpg,1,train
2123,2320.jpg,1,train
2124,2321.jpg,1,train
2125,2322.jpg,1,test
2126,2323.jpg,1,train
2127,2324.jpg,1,test
2128,2325.jpg,1,test
2129,2326.jpg,1,train
2130,2327.jpg,1,test
2131,2328.jpg,1,test
2132,2329.jpg,1,train
2133,2330.jpg,1,train
2134,2331.jpg,1,val
2135,2332.jpg,1,train
2136,2333.jpg,1,test
2137,2334.jpg,1,test
2138,2335.jpg,1,train
2139,2336.jpg,1,test
2140,2337.jpg,1,train
2141,2338.jpg,1,train
2142,2339.jpg,1,train
2143,2340.jpg,1,train
2144,2341.jpg,1,train
2145,2342.jpg,1,train
2146,2343.jpg,1,train
2147,2344.jpg,1,test
2148,2345.jpg,1,val
2149,2346.jpg,1,train
2150,2347.jpg,1,train
2151,2348.jpg,1,train
2152,2349.jpg,1,train
2153,2350.jpg,1,train
2154,2351.jpg,1,test
2155,2352.jpg,1,val
2156,2353.jpg,1,test
2157,2354.jpg,1,val
2158,2355.jpg,1,train
2159,2356.jpg,1,train
2160,2357.jpg,1,train
2161,2358.jpg,1,train
2162,2359.jpg,1,test
2163,2360.jpg,1,train
2164,2361.jpg,1,train
2165,2362.jpg,1,test
2166,2363.jpg,1,train
2167,2364.jpg,1,train
2168,2365.jpg,1,train
2169,2366.jpg,1,val
2170,2367.jpg,1,train
2171,2368.jpg,1,train
2172,2369.jpg,1,test
2173,2370.jpg,1,train
2174,2371.jpg,1,train
2175,2372.jpg,1,train
2176,2373.jpg,1,val
2177,2374.jpg,1,train
2178,2375.jpg,1,train
2179,2376.jpg,1,train
2180,2377.jpg,1,train
2181,2378.jpg,1,val
2182,2379.jpg,1,test
2183,2380.jpg,1,train
2184,2381.jpg,1,train
2185,2382.jpg,1,train
2186,2383.jpg,1,test
2187,2384.jpg,1,test
2188,2385.jpg,1,train
2189,2386.jpg,1,train
2190,2387.jpg,1,test
2191,2388.jpg,1,train
2192,2389.jpg,1,train
2193,2390.jpg,1,train
2194,2391.jpg,1,val
2195,2392.jpg,1,train
2196,2393.jpg,1,train
2197,2394.jpg,1,train
2198,2395.jpg,1,test
2199,2396.jpg,1,train
2200,2397.jpg,1,train
2201,2398.jpg,1,train
2202,2399.jpg,1,train
2203,2400.jpg,1,train
2204,2401.jpg,1,test
2205,2402.jpg,1,train
2206,2403.jpg,1,train
2207,2404.jpg,1,test
2208,2405.jpg,1,train
2209,2406.jpg,1,train
2210,2407.jpg,1,val
2211,2408.jpg,1,test
2212,2409.jpg,1,train
2213,2410.jpg,1,test
2214,2411.jpg,1,train
2215,2412.jpg,1,val
2216,2413.jpg,1,train
2217,2414.jpg,1,test
2218,2415.jpg,1,train
2219,2416.jpg,1,val
2220,2417.jpg,1,train
2221,2418.jpg,1,val
2222,2419.jpg,1,test
2223,2420.jpg,1,val
2224,2421.jpg,1,train
2225,2422.jpg,1,train
2226,2423.jpg,1,train
2227,2424.jpg,1,test
2228,2425.jpg,1,train
2229,2426.jpg,1,train
2230,2427.jpg,1,train
2231,2428.jpg,1,train
2232,2429.jpg,1,train
2233,2430.jpg,1,train
2234,2431.jpg,1,train
2235,2432.jpg,1,test
2236,2433.jpg,1,train
2237,2434.jpg,1,val
2238,2435.jpg,1,test
2239,2436.jpg,1,train
2240,2437.jpg,1,test
2241,2438.jpg,1,test
2242,2439.jpg,1,train
2243,2440.jpg,1,train
2244,2441.jpg,1,train
2245,2442.jpg,1,train
2246,2443.jpg,1,test
2247,2444.jpg,1,train
2248,2445.jpg,1,test
2249,2446.jpg,1,test
2250,2447.jpg,1,test
2251,2448.jpg,1,train
2252,2449.jpg,1,train
2253,2450.jpg,1,test
2254,2451.jpg,1,train
2255,2452.jpg,1,test
2256,2453.jpg,1,val
2257,2454.jpg,1,train
2258,2455.jpg,1,train
2259,2456.jpg,1,train
2260,2457.jpg,1,test
2261,2458.jpg,1,train
2262,2459.jpg,1,train
2263,2460.jpg,1,test
2264,2461.jpg,1,train
2265,2462.jpg,1,train
2266,2463.jpg,1,train
2267,2464.jpg,1,train
2268,2465.jpg,1,test
2269,2466.jpg,1,train
2270,2467.jpg,1,train
2271,2468.jpg,1,train
2272,2469.jpg,1,test
2273,2470.jpg,1,test
2274,2471.jpg,1,train
2275,2472.jpg,1,train
2276,2473.jpg,1,train
2277,2474.jpg,1,train
2278,2475.jpg,1,train
2279,2476.jpg,1,test
2280,2477.jpg,1,val
2281,2478.jpg,1,test
2282,2479.jpg,1,train
2283,2480.jpg,1,val
2284,2481.jpg,1,train
2285,2482.jpg,1,train
2286,2483.jpg,1,val
2287,2484.jpg,1,train
2288,2485.jpg,1,val
2289,2486.jpg,1,test
2290,2487.jpg,1,test
2291,2488.jpg,1,train
2292,2489.jpg,1,train
2293,2490.jpg,1,train
2294,2491.jpg,1,test
2295,2492.jpg,1,train
2296,2493.jpg,1,train
2297,2494.jpg,1,train
2298,2495.jpg,1,test
2299,2496.jpg,1,test
2300,2497.jpg,1,train
2301,2498.jpg,1,train
2302,2499.jpg,1,train
2303,2500.jpg,1,train
2304,2501.jpg,1,train
2305,2502.jpg,1,train
2306,2503.jpg,1,test
2307,2504.jpg,1,train
2308,2505.jpg,1,test
2309,2506.jpg,1,test
2310,2507.jpg,1,train
2311,2508.jpg,1,test
2312,2509.jpg,1,train
2313,2510.jpg,1,train
2314,2511.jpg,1,val
2315,2512.jpg,1,train
2316,2513.jpg,1,test
2317,2514.jpg,1,train
2318,2515.jpg,1,train
2319,2516.jpg,1,test
2320,2517.jpg,1,train
2321,2518.jpg,1,val
2322,2519.jpg,1,train
2323,2520.jpg,1,train
2324,2521.jpg,1,test
2325,2522.jpg,1,train
2326,2523.jpg,1,train
2327,2524.jpg,1,test
2328,2525.jpg,1,train
2329,2526.jpg,1,test
2330,2527.jpg,1,train
2331,2528.jpg,1,train
2332,2529.jpg,1,train
2333,2530.jpg,1,train
2334,2531.jpg,1,train
2335,2532.jpg,1,train
2336,2533.jpg,1,train
2337,2534.jpg,1,test
2338,2535.jpg,1,test
2339,2536.jpg,1,train
2340,2537.jpg,1,val
2341,2538.jpg,1,test
2342,2539.jpg,1,train
2343,2540.jpg,1,val
2344,2541.jpg,1,train
2345,2542.jpg,1,test
2346,2543.jpg,1,train
2347,2544.jpg,1,train
2348,2545.jpg,1,train
2349,2546.jpg,1,train
2350,2547.jpg,1,train
2351,2548.jpg,1,train
2352,2549.jpg,1,train
2353,2550.jpg,1,train
2354,2551.jpg,1,train
2355,2552.jpg,1,val
2356,2553.jpg,1,train
2357,2554.jpg,1,test
2358,2555.jpg,1,val
2359,2556.jpg,1,train
2360,2557.jpg,1,train
2361,2558.jpg,1,train
2362,2559.jpg,1,test
2363,2560.jpg,1,test
2364,2561.jpg,1,train
2365,2562.jpg,1,train
2366,2563.jpg,1,train
2367,2564.jpg,1,train
2368,2565.jpg,1,test
2369,2566.jpg,1,train
2370,2567.jpg,1,val
2371,2568.jpg,1,train
2372,2569.jpg,1,train
2373,2570.jpg,1,train
2374,2571.jpg,1,train
2375,2572.jpg,1,train
2376,2573.jpg,1,test
2377,2574.jpg,1,train
2378,2575.jpg,1,train
2379,2576.jpg,1,train
2380,2577.jpg,1,test
2381,2578.jpg,1,train
2382,2579.jpg,1,train
2383,2580.jpg,1,train
2384,2581.jpg,1,train
2385,2582.jpg,1,train
2386,2583.jpg,1,train
2387,2584.jpg,1,train
2388,2585.jpg,1,train
2389,2586.jpg,1,val
2390,2587.jpg,1,val
2391,2588.jpg,1,train
2392,2589.jpg,1,train
2393,2590.jpg,1,val
2394,2591.jpg,1,train
2395,2592.jpg,1,train
2396,2593.jpg,1,train
2397,2594.jpg,1,train
2398,2595.jpg,1,val
2399,2596.jpg,1,train
2400,2597.jpg,1,val
2401,2598.jpg,1,train
2402,2599.jpg,1,train
2403,2600.jpg,1,train
2404,2601.jpg,1,train
2405,2602.jpg,1,train
2406,2603.jpg,1,train
2407,2604.jpg,1,train
2408,2605.jpg,1,train
2409,2606.jpg,1,train
2410,2607.jpg,1,train
2411,2608.jpg,1,test
2412,2609.jpg,1,train
2413,2610.jpg,1,val
2414,2611.jpg,1,train
2415,2612.jpg,1,test
2416,2613.jpg,1,train
2417,2614.jpg,1,test
2418,2615.jpg,1,test
2419,2616.jpg,1,train
2420,2617.jpg,1,train
2421,2618.jpg,1,val
2422,2619.jpg,1,train
2423,2620.jpg,1,test
2424,2621.jpg,1,train
2425,2622.jpg,1,train
2426,2623.jpg,1,train
2427,2624.jpg,1,test
2428,2625.jpg,1,train
2429,2626.jpg,1,train
2430,2627.jpg,1,train
2431,2628.jpg,1,test
2432,2629.jpg,1,train
2433,2630.jpg,1,train
2434,2631.jpg,1,val
2435,2632.jpg,1,train
2436,2633.jpg,1,train
2437,2635.jpg,1,train
2438,2636.jpg,1,train
2439,2637.jpg,1,train
2440,2638.jpg,1,train
2441,2639.jpg,1,test
2442,2640.jpg,1,test
2443,2641.jpg,1,train
2444,2642.jpg,1,train
2445,2643.jpg,1,train
2446,2644.jpg,1,test
2447,2645.jpg,1,test
2448,2646.jpg,1,test
2449,2647.jpg,1,test
2450,2648.jpg,1,train
2451,2649.jpg,1,train
2452,2650.jpg,1,train
2453,2651.jpg,1,test
2454,2652.jpg,1,train
2455,2653.jpg,1,train
2456,2654.jpg,1,train
2457,2655.jpg,1,val
2458,2656.jpg,1,train
2459,2657.jpg,1,train
2460,2658.jpg,1,train
2461,2659.jpg,1,train
2462,2660.jpg,1,test
2463,2661.jpg,1,train
2464,2662.jpg,1,train
2465,2663.jpg,1,val
2466,2664.jpg,1,train
2467,2665.jpg,1,test
2468,2666.jpg,1,test
2469,2667.jpg,1,test
2470,2668.jpg,1,train
2471,2669.jpg,1,train
2472,2670.jpg,1,train
2473,2671.jpg,1,train
2474,2672.jpg,1,train
2475,2673.jpg,1,train
2476,2674.jpg,1,test
2477,2675.jpg,1,train
2478,2676.jpg,1,test
2479,2677.jpg,1,train
2480,2678.jpg,1,train
2481,2679.jpg,1,train
2482,2680.jpg,1,train
2483,2681.jpg,1,train
2484,2682.jpg,1,train
2485,2683.jpg,1,train
2486,2684.jpg,1,train
2487,2685.jpg,1,train
2488,2686.jpg,1,test
2489,2687.jpg,1,test
2490,2688.jpg,1,train
2491,2689.jpg,1,train
2492,2690.jpg,1,train
2493,2691.jpg,1,train
2494,2692.jpg,1,train
2495,2693.jpg,1,train
2496,2694.jpg,1,train
2497,2695.jpg,1,train
2498,2696.jpg,1,test
2499,2697.jpg,1,train
2500,2698.jpg,1,test
2501,2699.jpg,1,test
2502,2700.jpg,1,train
2503,2701.jpg,1,train
2504,2702.jpg,1,train
2505,2703.jpg,1,train
2506,2704.jpg,1,train
2507,2705.jpg,1,train
2508,2706.jpg,1,train
2509,2707.jpg,1,train
2510,2708.jpg,1,train
2511,2709.jpg,1,val
2512,2710.jpg,1,train
2513,2711.jpg,1,train
2514,2712.jpg,1,val
2515,2713.jpg,1,train
2516,2714.jpg,1,val
2517,2715.jpg,1,test
2518,2716.jpg,1,train
2519,2717.jpg,1,val
2520,2718.jpg,1,train
2521,2719.jpg,1,train
2522,2720.jpg,1,train
2523,2721.jpg,1,train
2524,2722.jpg,1,val
2525,2723.jpg,1,train
2526,2724.jpg,1,train
2527,2725.jpg,1,train
2528,2726.jpg,1,train
2529,2727.jpg,1,train
2530,2728.jpg,1,train
2531,2729.jpg,1,val
2532,2730.jpg,1,train
2533,2731.jpg,1,train
2534,2732.jpg,1,test
2535,2733.jpg,1,train
2536,2734.jpg,1,train
2537,2735.jpg,1,test
2538,2736.jpg,1,test
2539,2737.jpg,1,train
2540,2738.jpg,1,train
2541,2739.jpg,1,train
2542,2740.jpg,1,train
2543,2741.jpg,1,train
2544,2742.jpg,1,train
2545,2743.jpg,1,train
2546,2744.jpg,1,test
2547,2745.jpg,1,val
2548,2746.jpg,1,train
2549,2747.jpg,1,train
2550,2748.jpg,1,test
2551,2749.jpg,1,train
2552,2750.jpg,1,train
2553,2751.jpg,1,test
2554,2752.jpg,1,val
2555,2753.jpg,1,train
2556,2754.jpg,1,train
2557,2755.jpg,1,train
2558,2756.jpg,1,train
2559,2757.jpg,1,train
2560,2760.jpg,1,train
2561,2761.jpg,1,train
2562,2762.jpg,1,val
2563,2763.jpg,1,train
2564,2764.jpg,1,train
2565,2765.jpg,1,test
2566,2766.jpg,1,train
2567,2767.jpg,1,test
2568,2768.jpg,1,train
2569,2769.jpg,1,train
2570,2770.jpg,1,val
2571,2771.jpg,1,train
2572,2772.jpg,1,train
2573,2773.jpg,1,train
2574,2774.jpg,1,train
2575,2775.jpg,1,train
2576,2776.jpg,1,test
2577,2777.jpg,1,test
2578,2778.jpg,1,train
2579,2779.jpg,1,train
2580,2780.jpg,1,test
2581,2781.jpg,1,train
2582,2782.jpg,1,train
2583,2783.jpg,1,train
2584,2784.jpg,1,train
2585,2785.jpg,1,train
2586,2786.jpg,1,train
2587,2787.jpg,1,train
2588,2788.jpg,1,train
2589,2789.jpg,1,train
2590,2790.jpg,0,test
2591,2791.jpg,0,train
2592,2792.jpg,0,train
2593,2793.jpg,0,train
2594,2794.jpg,0,test
2595,2795.jpg,0,train
2596,2796.jpg,0,train
2597,2797.jpg,0,val
2598,2798.jpg,0,val
2599,2799.jpg,0,train
2600,2800.jpg,0,train
2601,2801.jpg,0,val
2602,2802.jpg,0,train
2603,2803.jpg,0,train
2604,2804.jpg,0,train
2605,2805.jpg,0,train
2606,2806.jpg,0,train
2607,2807.jpg,0,train
2608,2808.jpg,0,val
2609,2809.jpg,0,train
2610,2810.jpg,0,train
2611,2811.jpg,0,train
2612,2812.jpg,0,train
2613,2813.jpg,0,train
2614,2814.jpg,0,train
2615,2815.jpg,0,train
2616,2816.jpg,0,train
2617,2817.jpg,0,train
2618,2818.jpg,0,train
2619,2819.jpg,0,test
2620,2820.jpg,0,train
2621,2821.jpg,0,train
2622,2822.jpg,0,train
2623,2823.jpg,0,train
2624,2824.jpg,0,train
2625,2825.jpg,0,val
2626,2826.jpg,0,train
2627,2827.jpg,0,train
2628,2828.jpg,0,test
2629,2829.jpg,0,train
2630,2830.jpg,0,train
2631,2831.jpg,0,val
2632,2832.jpg,0,train
2633,2833.jpg,0,train
2634,2834.jpg,0,train
2635,2835.jpg,0,train
2636,2836.jpg,0,train
2637,2837.jpg,0,train
2638,2838.jpg,0,train
2639,2839.jpg,0,train
2640,2840.jpg,0,train
2641,2841.jpg,0,train
2642,2842.jpg,0,val
2643,2843.jpg,0,train
2644,2844.jpg,0,train
2645,2845.jpg,0,train
2646,2846.jpg,0,train
2647,2847.jpg,0,train
2648,2848.jpg,0,train
2649,2849.jpg,0,train
2650,2850.jpg,0,train
2651,2851.jpg,0,train
2652,2852.jpg,0,train
2653,2853.jpg,0,train
2654,2854.jpg,0,train
2655,2855.jpg,0,train
2656,2856.jpg,0,test
2657,2857.jpg,0,test
2658,2858.jpg,0,train
2659,2859.jpg,0,train
2660,2860.jpg,0,test
2661,2861.jpg,0,val
2662,2862.jpg,0,train
2663,2863.jpg,0,train
2664,2864.jpg,0,val
2665,2865.jpg,0,test
2666,2866.jpg,0,train
2667,2867.jpg,0,train
2668,2868.jpg,0,train
2669,2869.jpg,0,test
2670,2870.jpg,0,train
2671,2871.jpg,0,train
2672,2872.jpg,0,val
2673,2873.jpg,0,train
2674,2874.jpg,0,train
2675,2875.jpg,0,train
2676,2876.jpg,0,test
2677,2877.jpg,0,train
2678,2878.jpg,0,train
2679,2879.jpg,0,train
2680,2880.jpg,0,train
2681,2881.jpg,0,val
2682,2882.jpg,0,test
2683,2883.jpg,0,train
2684,2884.jpg,0,train
2685,2885.jpg,0,train
2686,2886.jpg,0,train
2687,2887.jpg,0,train
2688,2888.jpg,0,train
2689,2889.jpg,0,train
2690,2890.jpg,0,train
2691,2891.jpg,0,train
2692,2892.jpg,0,test
2693,2893.jpg,0,train
2694,2894.jpg,0,train
2695,2895.jpg,0,train
2696,2896.jpg,0,train
2697,2897.jpg,0,val
2698,2898.jpg,0,train
2699,2899.jpg,0,val
2700,2900.jpg,0,train
2701,2901.jpg,0,train
2702,2902.jpg,0,test
2703,2903.jpg,0,train
2704,2904.jpg,0,train
2705,2905.jpg,0,train
2706,2906.jpg,0,train
2707,2907.jpg,0,train
2708,2908.jpg,0,train
2709,2909.jpg,0,val
2710,2910.jpg,0,test
2711,2911.jpg,0,train
2712,2912.jpg,0,train
2713,2913.jpg,0,test
2714,2914.jpg,0,test
2715,2915.jpg,0,train
2716,2916.jpg,0,test
2717,2917.jpg,0,test
2718,2918.jpg,0,train
2719,2919.jpg,0,train
2720,2920.jpg,0,train
2721,2921.jpg,0,test
2722,2922.jpg,0,train
2723,2923.jpg,0,train
2724,2924.jpg,0,train
2725,2925.jpg,0,train
2726,2926.jpg,0,train
2727,2927.jpg,0,test
2728,2928.jpg,0,test
2729,2929.jpg,0,train
2730,2930.jpg,0,train
2731,2931.jpg,0,train
2732,2932.jpg,0,train
2733,2933.jpg,0,val
2734,2934.jpg,0,train
2735,2935.jpg,0,val
2736,2936.jpg,0,val
2737,2937.jpg,0,train
2738,2938.jpg,0,train
2739,2939.jpg,0,test
2740,2940.jpg,0,test
2741,2941.jpg,0,train
2742,2943.jpg,0,train
2743,2944.jpg,0,train
2744,2945.jpg,0,train
2745,2946.jpg,0,train
2746,2947.jpg,0,train
2747,2948.jpg,0,train
2748,2949.jpg,0,train
2749,2950.jpg,0,train
2750,2951.jpg,0,train
2751,2952.jpg,0,train
2752,2953.jpg,0,test
2753,2954.jpg,0,test
2754,2955.jpg,0,train
2755,2956.jpg,0,val
2756,2957.jpg,0,train
2757,2958.jpg,0,train
2758,2959.jpg,0,train
2759,2960.jpg,0,train
2760,2961.jpg,0,train
2761,2962.jpg,0,train
2762,2963.jpg,0,train
2763,2964.jpg,0,train
2764,2965.jpg,0,val
2765,2966.jpg,0,test
2766,2967.jpg,0,train
2767,2968.jpg,0,train
2768,2969.jpg,0,test
2769,2970.jpg,0,train
2770,2971.jpg,0,train
2771,2972.jpg,0,train
2772,2973.jpg,0,test
2773,2974.jpg,0,train
2774,2975.jpg,0,test
2775,2976.jpg,0,train
2776,2977.jpg,0,train
2777,2978.jpg,0,train
2778,2979.jpg,0,train
2779,2980.jpg,0,train
2780,2981.jpg,0,test
2781,2982.jpg,0,train
2782,2983.jpg,0,train
2783,2984.jpg,0,train
2784,2985.jpg,0,train
2785,2986.jpg,0,train
2786,2987.jpg,0,train
2787,2988.jpg,0,train
2788,2989.jpg,0,test
2789,2990.jpg,0,train
2790,2991.jpg,0,train
2791,2992.jpg,0,test
2792,2993.jpg,0,train
2793,2994.jpg,0,test
2794,2995.jpg,0,val
2795,2996.jpg,0,train
2796,2997.jpg,0,train
2797,2998.jpg,0,train
2798,2999.jpg,0,train
2799,3000.jpg,0,train
2800,3001.jpg,0,val
2801,3002.jpg,0,train
2802,3003.jpg,0,val
2803,3004.jpg,0,train
2804,3005.jpg,0,train
2805,3006.jpg,0,val
2806,3007.jpg,0,train
2807,3008.jpg,0,train
2808,3009.jpg,0,train
2809,3010.jpg,0,train
2810,3011.jpg,0,test
2811,3012.jpg,0,test
2812,3013.jpg,0,train
2813,3014.jpg,0,train
2814,3015.jpg,0,val
2815,3016.jpg,0,train
2816,3017.jpg,0,train
2817,3018.jpg,0,train
2818,3019.jpg,0,test
2819,3020.jpg,0,train
2820,3021.jpg,0,test
2821,3022.jpg,0,test
2822,3023.jpg,0,train
2823,3024.jpg,0,train
2824,3025.jpg,0,train
2825,3026.jpg,0,train
2826,3027.jpg,0,val
2827,3028.jpg,0,train
2828,3029.jpg,0,train
2829,3030.jpg,0,test
2830,3031.jpg,0,train
2831,3032.jpg,0,train
2832,3033.jpg,0,train
2833,3034.jpg,0,train
2834,3035.jpg,0,train
2835,3036.jpg,0,val
2836,3037.jpg,0,train
2837,3038.jpg,0,test
2838,3039.jpg,0,train
2839,3040.jpg,0,train
2840,3041.jpg,0,train
2841,3042.jpg,0,train
2842,3043.jpg,0,train
2843,3044.jpg,0,train
2844,3045.jpg,0,test
2845,3046.jpg,0,train
2846,3047.jpg,0,train
2847,3048.jpg,0,test
2848,3049.jpg,0,train
2849,3050.jpg,0,train
2850,3051.jpg,0,train
2851,3052.jpg,0,train
2852,3053.jpg,0,train
2853,3054.jpg,0,val
2854,3055.jpg,0,train
2855,3056.jpg,0,train
2856,3057.jpg,0,train
2857,3058.jpg,0,train
2858,3059.jpg,0,test
2859,3060.jpg,0,val
2860,3061.jpg,0,test
2861,3062.jpg,0,train
2862,3063.jpg,0,train
2863,3064.jpg,0,train
2864,3065.jpg,0,test
2865,3066.jpg,0,train
2866,3067.jpg,0,train
2867,3068.jpg,0,train
2868,3069.jpg,0,train
2869,3070.jpg,0,val
2870,3071.jpg,0,train
2871,3072.jpg,0,train
2872,3073.jpg,0,train
2873,3074.jpg,0,train
2874,3075.jpg,0,val
2875,3076.jpg,0,train
2876,3077.jpg,0,train
2877,3078.jpg,0,train
2878,3079.jpg,0,train
2879,3080.jpg,0,test
2880,3081.jpg,0,train
2881,3082.jpg,0,train
2882,3083.jpg,0,train
2883,3084.jpg,0,test
2884,3085.jpg,0,train
2885,3086.jpg,0,train
2886,3087.jpg,0,train
2887,3088.jpg,0,test
2888,3089.jpg,0,test
2889,3090.jpg,0,train
2890,3091.jpg,0,train
2891,3092.jpg,0,val
2892,3093.jpg,0,val
2893,3094.jpg,0,train
2894,3095.jpg,0,val
2895,3096.jpg,0,train
2896,3097.jpg,0,test
2897,3098.jpg,0,test
2898,3099.jpg,0,train
2899,3100.jpg,0,train
2900,3101.jpg,0,train
2901,3102.jpg,0,train
2902,3103.jpg,0,train
2903,3104.jpg,0,train
2904,3105.jpg,0,train
2905,3106.jpg,0,val
2906,3107.jpg,0,test
2907,3108.jpg,0,val
2908,3109.jpg,0,val
2909,3110.jpg,0,train
2910,3111.jpg,0,train
2911,3112.jpg,0,train
2912,3113.jpg,0,train
2913,3114.jpg,0,train
2914,3115.jpg,0,train
2915,3116.jpg,0,train
2916,3117.jpg,0,train
2917,3118.jpg,0,train
2918,3119.jpg,0,train
2919,3120.jpg,0,train
2920,3121.jpg,0,train
2921,3122.jpg,0,train
2922,3123.jpg,0,train
2923,3124.jpg,0,train
2924,3125.jpg,0,train
2925,3126.jpg,0,train
2926,3127.jpg,0,test
2927,3128.jpg,0,test
2928,3129.jpg,0,train
2929,3130.jpg,0,train
2930,3131.jpg,0,test
2931,3132.jpg,0,train
2932,3133.jpg,0,val
2933,3134.jpg,0,train
2934,3135.jpg,0,val
2935,3136.jpg,0,train
2936,3137.jpg,0,train
2937,3138.jpg,0,train
2938,3139.jpg,0,test
2939,3140.jpg,0,train
2940,3141.jpg,0,test
2941,3142.jpg,0,train
2942,3143.jpg,0,train
2943,3144.jpg,0,train
2944,3145.jpg,0,test
2945,3146.jpg,0,train
2946,3147.jpg,0,train
2947,3148.jpg,0,train
2948,3149.jpg,0,test
2949,3150.jpg,0,test
2950,3151.jpg,0,train
2951,3152.jpg,0,train
2952,3153.jpg,0,train
2953,3154.jpg,0,test
2954,3155.jpg,0,train
2955,3156.jpg,0,test
2956,3157.jpg,0,train
2957,3158.jpg,0,train
2958,3159.jpg,0,train
2959,3160.jpg,0,train
2960,3161.jpg,0,train
2961,3162.jpg,0,train
2962,3163.jpg,0,train
2963,3164.jpg,0,train
2964,3165.jpg,0,train
2965,3166.jpg,0,test
2966,3167.jpg,0,val
2967,3168.jpg,0,train
2968,3169.jpg,0,val
2969,3170.jpg,0,val
2970,3171.jpg,0,val
2971,3172.jpg,0,val
2972,3173.jpg,0,test
2973,3174.jpg,0,train
2974,3175.jpg,0,train
2975,3176.jpg,0,train
2976,3177.jpg,0,test
2977,3178.jpg,0,train
2978,3179.jpg,0,train
2979,3180.jpg,0,train
2980,3181.jpg,0,train
2981,3182.jpg,0,test
2982,3183.jpg,0,test
2983,3184.jpg,0,train
2984,3185.jpg,0,train
2985,3186.jpg,0,test
2986,3187.jpg,0,train
2987,3188.jpg,0,val
2988,3189.jpg,0,train
2989,3190.jpg,0,val
2990,3191.jpg,0,train
2991,3192.jpg,0,train
2992,3193.jpg,0,test
2993,3194.jpg,0,train
2994,3195.jpg,0,train
2995,3196.jpg,0,test
2996,3197.jpg,0,test
2997,3198.jpg,0,test
2998,3199.jpg,0,train
2999,3200.jpg,0,train
3000,3201.jpg,0,train
3001,3202.jpg,0,test
3002,3203.jpg,0,test
3003,3204.jpg,0,test
3004,3205.jpg,0,train
3005,3206.jpg,0,train
3006,3207.jpg,0,val
3007,3208.jpg,0,train
3008,3209.jpg,0,train
3009,3210.jpg,0,train
3010,3211.jpg,0,train
3011,3212.jpg,0,test
3012,3213.jpg,0,test
3013,3214.jpg,0,train
3014,3215.jpg,0,train
3015,3216.jpg,0,val
3016,3217.jpg,0,train
3017,3218.jpg,0,train
3018,3219.jpg,0,test
3019,3220.jpg,0,train
3020,3221.jpg,0,test
3021,3222.jpg,0,val
3022,3223.jpg,0,train
3023,3224.jpg,0,test
3024,3225.jpg,0,test
3025,3226.jpg,0,train
3026,3227.jpg,0,train
3027,3228.jpg,0,train
3028,3229.jpg,0,train
3029,3230.jpg,0,train
3030,3231.jpg,0,train
3031,3232.jpg,0,train
3032,3233.jpg,0,test
3033,3234.jpg,0,val
3034,3235.jpg,0,test
3035,3236.jpg,0,train
3036,3237.jpg,0,val
3037,3238.jpg,0,train
3038,3239.jpg,0,train
3039,3240.jpg,0,train
3040,3241.jpg,0,train
3041,3242.jpg,0,train
3042,3243.jpg,0,train
3043,3244.jpg,0,train
3044,3245.jpg,0,train
3045,3246.jpg,0,train
3046,3247.jpg,0,val
3047,3248.jpg,0,train
3048,3249.jpg,0,train
3049,3250.jpg,0,train
3050,3251.jpg,0,train
3051,3252.jpg,0,test
3052,3253.jpg,0,train
3053,3254.jpg,0,test
3054,3255.jpg,0,train
3055,3256.jpg,0,train
3056,3257.jpg,0,test
3057,3258.jpg,0,test
3058,3259.jpg,0,train
3059,3260.jpg,0,train
3060,3261.jpg,0,test
3061,3262.jpg,0,train
3062,3263.jpg,0,train
3063,3264.jpg,0,train
3064,3265.jpg,0,train
3065,3266.jpg,0,train
3066,3267.jpg,0,train
3067,3268.jpg,0,train
3068,3269.jpg,0,train
3069,3270.jpg,0,test
3070,3271.jpg,0,train
3071,3272.jpg,0,train
3072,3273.jpg,0,train
3073,3274.jpg,0,train
3074,3275.jpg,0,train
3075,3276.jpg,0,train
3076,3277.jpg,0,test
3077,3278.jpg,0,train
3078,3279.jpg,0,train
3079,3280.jpg,0,train
3080,3281.jpg,0,train
3081,3282.jpg,0,train
3082,3283.jpg,0,train
3083,3284.jpg,0,train
3084,3285.jpg,0,train
3085,3286.jpg,0,test
3086,3287.jpg,0,train
3087,3288.jpg,0,train
3088,3289.jpg,0,test
3089,3290.jpg,0,train
3090,3291.jpg,0,train
3091,3292.jpg,0,val
3092,3293.jpg,0,train
3093,3294.jpg,0,train
3094,3295.jpg,0,train
3095,3296.jpg,0,train
3096,3297.jpg,0,train
3097,3298.jpg,0,test
3098,3299.jpg,0,test
3099,3300.jpg,0,train
3100,3301.jpg,0,test
3101,3302.jpg,0,train
3102,3303.jpg,0,train
3103,3304.jpg,0,test
3104,3305.jpg,0,train
3105,3306.jpg,0,train
3106,3307.jpg,0,train
3107,3308.jpg,0,val
3108,3309.jpg,0,train
3109,3310.jpg,0,val
3110,3311.jpg,0,val
3111,3312.jpg,0,train
3112,3313.jpg,0,val
3113,3314.jpg,0,val
3114,3315.jpg,0,train
3115,3316.jpg,0,train
3116,3317.jpg,0,test
3117,3318.jpg,0,train
3118,3319.jpg,0,test
3119,3320.jpg,0,train
3120,3321.jpg,0,train
3121,3322.jpg,0,train
3122,3323.jpg,0,val
3123,3324.jpg,0,test
3124,3325.jpg,0,train
3125,3326.jpg,0,train
3126,3327.jpg,0,train
3127,3328.jpg,0,train
3128,3329.jpg,0,val
3129,3330.jpg,0,train
3130,3331.jpg,0,train
3131,3332.jpg,0,test
3132,3333.jpg,0,test
3133,3334.jpg,0,train
3134,3335.jpg,0,test
3135,3336.jpg,0,train
3136,3337.jpg,0,train
3137,3338.jpg,0,train
3138,3339.jpg,0,train
3139,3340.jpg,0,train
3140,3341.jpg,0,train
3141,3342.jpg,0,train
3142,3343.jpg,0,train
3143,3344.jpg,0,train
3144,3345.jpg,0,train
3145,3346.jpg,0,train
3146,3347.jpg,0,train
3147,3348.jpg,0,train
3148,3349.jpg,0,train
3149,3350.jpg,0,train
3150,3351.jpg,0,train
3151,3352.jpg,0,train
3152,3353.jpg,0,train
3153,3354.jpg,0,train
3154,3355.jpg,0,train
3155,3356.jpg,0,train
3156,3357.jpg,0,train
3157,3358.jpg,0,train
3158,3359.jpg,0,test
3159,3360.jpg,0,train
3160,3361.jpg,0,test
3161,3362.jpg,0,test
3162,3363.jpg,0,train
3163,3364.jpg,0,val
3164,3365.jpg,0,train
3165,3366.jpg,0,train
3166,3367.jpg,0,test
3167,3368.jpg,0,test
3168,3369.jpg,0,val
3169,3370.jpg,0,train
3170,3371.jpg,0,train
3171,3372.jpg,0,train
3172,3373.jpg,0,test
3173,3374.jpg,0,train
3174,3375.jpg,0,train
3175,3376.jpg,0,train
3176,3377.jpg,0,test
3177,3378.jpg,0,test
3178,3379.jpg,0,val
3179,3380.jpg,0,train
3180,3381.jpg,0,train
3181,3382.jpg,0,train
3182,3383.jpg,0,train
3183,3384.jpg,0,train
3184,3385.jpg,0,test
3185,3386.jpg,0,train
3186,3387.jpg,0,train
3187,3388.jpg,0,train
3188,3389.jpg,0,train
3189,3390.jpg,0,val
3190,3391.jpg,0,train
3191,3392.jpg,0,val
3192,3393.jpg,0,val
3193,3394.jpg,0,train
3194,3395.jpg,0,train
3195,3396.jpg,0,train
3196,3397.jpg,0,train
3197,3398.jpg,0,test
3198,3399.jpg,0,train
3199,3400.jpg,0,train
3200,3401.jpg,0,train
3201,3402.jpg,0,train
3202,3403.jpg,0,train
3203,3404.jpg,0,train
3204,3405.jpg,0,train
3205,3406.jpg,0,train
3206,3407.jpg,0,train
3207,3408.jpg,0,train
3208,3409.jpg,0,test
3209,3410.jpg,0,train
3210,3411.jpg,0,test
3211,3412.jpg,0,test
3212,3413.jpg,0,train
3213,3414.jpg,0,train
3214,3415.jpg,0,test
3215,3416.jpg,0,train
3216,3417.jpg,0,train
3217,3418.jpg,0,val
3218,3419.jpg,0,train
3219,3420.jpg,0,test
3220,3421.jpg,0,train
3221,3422.jpg,0,test
3222,3423.jpg,0,test
3223,3424.jpg,0,train
3224,3425.jpg,0,test
3225,3426.jpg,0,train
3226,3427.jpg,0,train
3227,3428.jpg,0,train
3228,3429.jpg,0,train
3229,3430.jpg,0,train
3230,3431.jpg,0,train
3231,3432.jpg,0,train
3232,3433.jpg,0,train
3233,3434.jpg,0,val
3234,3435.jpg,0,train
3235,3436.jpg,0,train
3236,3437.jpg,0,train
3237,3438.jpg,0,train
3238,3439.jpg,0,test
3239,3440.jpg,0,train
3240,3441.jpg,0,train
3241,3442.jpg,0,val
3242,3443.jpg,0,train
3243,3444.jpg,0,val
3244,3445.jpg,0,train
3245,3446.jpg,0,train
3246,3447.jpg,0,train
3247,3448.jpg,0,train
3248,3449.jpg,0,train
3249,3450.jpg,0,train
3250,3451.jpg,0,train
3251,3452.jpg,0,train
3252,3453.jpg,0,train
3253,3454.jpg,0,test
3254,3455.jpg,0,val
3255,3456.jpg,0,train
3256,3457.jpg,0,val
3257,3458.jpg,0,train
3258,3459.jpg,0,train
3259,3460.jpg,0,train
3260,3461.jpg,0,test
3261,3462.jpg,0,train
3262,3463.jpg,0,train
3263,3464.jpg,0,train
3264,3465.jpg,0,train
3265,3466.jpg,0,train
3266,3467.jpg,0,train
3267,3468.jpg,0,val
3268,3469.jpg,0,train
3269,3470.jpg,0,train
3270,3471.jpg,0,train
3271,3472.jpg,0,train
3272,3473.jpg,0,train
3273,3474.jpg,0,val
3274,3475.jpg,0,test
3275,3476.jpg,0,test
3276,3477.jpg,0,test
3277,3478.jpg,0,train
3278,3479.jpg,0,train
3279,3480.jpg,0,train
3280,3481.jpg,0,train
3281,3482.jpg,0,train
3282,3483.jpg,0,train
3283,3484.jpg,0,train
3284,3485.jpg,0,test
3285,3486.jpg,0,test
3286,3487.jpg,0,train
3287,3488.jpg,0,train
3288,3489.jpg,0,test
3289,3490.jpg,0,val
3290,3491.jpg,0,train
3291,3492.jpg,0,train
3292,3493.jpg,0,test
3293,3494.jpg,0,test
3294,3495.jpg,0,test
3295,3496.jpg,0,train
3296,3497.jpg,0,train
3297,3498.jpg,0,val
3298,3499.jpg,0,train
3299,3500.jpg,0,train
3300,3501.jpg,0,train
3301,3502.jpg,0,train
3302,3503.jpg,0,val
3303,3504.jpg,0,train
3304,3505.jpg,0,train
3305,3506.jpg,0,test
3306,3507.jpg,0,train
3307,3508.jpg,0,test
3308,3509.jpg,0,train
3309,3510.jpg,0,train
3310,3511.jpg,0,train
3311,3512.jpg,0,train
3312,3513.jpg,0,train
3313,3514.jpg,0,train
3314,3515.jpg,0,train
3315,3516.jpg,0,train
3316,3517.jpg,0,test
3317,3518.jpg,0,train
3318,3519.jpg,0,train
3319,3520.jpg,0,test
3320,3521.jpg,0,train
3321,3522.jpg,0,train
3322,3523.jpg,0,train
3323,3524.jpg,0,train
3324,3525.jpg,0,train
3325,3526.jpg,0,train
3326,3527.jpg,0,test
3327,3528.jpg,0,val
3328,3529.jpg,0,train
3329,3530.jpg,0,train
3330,3531.jpg,0,train
3331,3532.jpg,0,train
3332,3533.jpg,0,test
3333,3534.jpg,0,val
3334,3535.jpg,0,test
3335,3536.jpg,0,test
3336,3537.jpg,0,train
3337,3538.jpg,0,train
3338,3539.jpg,0,train
3339,3540.jpg,0,train
3340,3541.jpg,0,test
3341,3542.jpg,0,val
3342,3543.jpg,0,train
3343,3544.jpg,0,val
3344,3545.jpg,0,train
3345,3546.jpg,0,train
3346,3547.jpg,0,train
3347,3548.jpg,0,train
3348,3549.jpg,0,train
3349,3550.jpg,0,val
3350,3551.jpg,0,test
3351,3552.jpg,0,train
3352,3553.jpg,0,train
3353,3554.jpg,0,test
3354,3555.jpg,0,val
3355,3556.jpg,0,train
3356,3557.jpg,0,train
3357,3558.jpg,0,train
3358,3559.jpg,0,train
3359,3560.jpg,0,test
3360,3561.jpg,0,test
3361,3562.jpg,0,train
3362,3563.jpg,0,train
3363,3564.jpg,0,train
3364,3565.jpg,0,train
3365,3566.jpg,0,train
3366,3567.jpg,0,train
3367,3568.jpg,0,test
3368,3569.jpg,0,test
3369,3570.jpg,0,train
3370,3571.jpg,0,train
3371,3572.jpg,0,train
3372,3573.jpg,0,train
3373,3574.jpg,0,train
3374,3575.jpg,0,train
3375,3576.jpg,0,train
3376,3577.jpg,0,train
3377,3578.jpg,0,train
3378,3579.jpg,0,train
3379,3580.jpg,0,test
3380,3581.jpg,0,train
3381,3582.jpg,0,train
3382,3583.jpg,0,train
3383,3584.jpg,0,train
3384,3585.jpg,0,train
3385,3586.jpg,0,train
3386,3587.jpg,0,val
3387,3588.jpg,0,train
3388,3589.jpg,0,train
3389,3590.jpg,0,train
3390,3591.jpg,0,train
3391,3592.jpg,0,train
3392,3593.jpg,0,test
3393,3594.jpg,0,train
3394,3595.jpg,0,train
3395,3596.jpg,0,train
3396,3597.jpg,0,test
3397,3598.jpg,0,train
3398,3599.jpg,0,train
3399,3600.jpg,0,train
3400,3601.jpg,0,train
3401,3602.jpg,0,train
3402,3603.jpg,0,train
3403,3604.jpg,0,test
3404,3605.jpg,0,train
3405,3606.jpg,0,train
3406,3607.jpg,0,test
3407,3608.jpg,0,train
3408,3609.jpg,0,train
3409,3610.jpg,0,train
3410,3611.jpg,0,train
3411,3612.jpg,0,train
3412,3613.jpg,0,train
3413,3614.jpg,0,train
3414,3615.jpg,0,test
3415,3616.jpg,0,test
3416,3617.jpg,0,train
3417,3618.jpg,0,val
3418,3619.jpg,0,test
3419,3620.jpg,0,train
3420,3621.jpg,0,train
3421,3622.jpg,0,train
3422,3623.jpg,0,train
3423,3624.jpg,0,test
3424,3625.jpg,0,train
3425,3626.jpg,0,train
3426,3627.jpg,0,train
3427,3628.jpg,0,train
3428,3629.jpg,0,train
3429,3630.jpg,0,train
3430,3631.jpg,0,train
3431,3632.jpg,0,train
3432,3633.jpg,0,train
3433,3634.jpg,0,train
3434,3635.jpg,0,train
3435,3636.jpg,0,train
3436,3637.jpg,0,train
3437,3638.jpg,0,val
3438,3639.jpg,0,test
3439,3640.jpg,0,val
3440,3641.jpg,0,train
3441,3642.jpg,0,train
3442,3643.jpg,0,test
3443,3644.jpg,0,train
3444,3645.jpg,0,train
3445,3646.jpg,0,train
3446,3647.jpg,0,val
3447,3648.jpg,0,train
3448,3649.jpg,0,test
3449,3650.jpg,0,train
3450,3651.jpg,0,test
3451,3652.jpg,0,train
3452,3653.jpg,0,train
3453,3654.jpg,0,train
3454,3655.jpg,0,train
3455,3656.jpg,0,val
3456,3657.jpg,0,train
3457,3658.jpg,0,test
3458,3659.jpg,0,val
3459,3660.jpg,0,train
3460,3661.jpg,0,train
3461,3662.jpg,0,train
3462,3663.jpg,0,test
3463,3664.jpg,0,val
3464,3665.jpg,0,val
3465,3666.jpg,0,train
3466,3667.jpg,0,train
3467,3668.jpg,0,train
3468,3669.jpg,0,train
3469,3670.jpg,0,train
3470,3671.jpg,0,test
3471,3672.jpg,0,test
3472,3673.jpg,0,train
3473,3674.jpg,0,train
3474,3675.jpg,0,train
3475,3676.jpg,0,train
3476,3677.jpg,0,val
3477,3678.jpg,0,test
3478,3679.jpg,0,test
3479,3680.jpg,0,train
3480,3681.jpg,0,train
3481,3682.jpg,0,train
3482,3683.jpg,0,train
3483,3684.jpg,0,train
3484,3685.jpg,0,train
3485,3686.jpg,0,train
3486,3687.jpg,0,train
3487,3688.jpg,0,train
3488,3689.jpg,0,train
3489,3690.jpg,0,test
3490,3691.jpg,0,test
3491,3692.jpg,0,train
3492,3693.jpg,0,train
3493,3694.jpg,0,val
3494,3695.jpg,0,val
3495,3696.jpg,0,test
3496,3697.jpg,0,train
3497,3698.jpg,0,train
3498,3699.jpg,0,train
3499,3700.jpg,0,train
3500,3701.jpg,0,train
3501,3702.jpg,0,val
3502,3703.jpg,0,train
3503,3704.jpg,0,test
3504,3705.jpg,0,val
3505,3706.jpg,0,train
3506,3707.jpg,0,val
3507,3708.jpg,0,train
3508,3709.jpg,0,train
3509,3710.jpg,0,train
3510,3711.jpg,0,train
3511,3712.jpg,0,train
3512,3713.jpg,0,train
3513,3714.jpg,0,train
3514,3715.jpg,0,train
3515,3716.jpg,0,train
3516,3717.jpg,0,train
3517,3718.jpg,0,train
3518,3719.jpg,0,test
3519,3720.jpg,0,train
3520,3721.jpg,0,train
3521,3722.jpg,0,train
3522,3723.jpg,0,train
3523,3724.jpg,0,train
3524,3725.jpg,0,test
3525,3726.jpg,0,train
3526,3727.jpg,0,train
3527,3728.jpg,0,train
3528,3729.jpg,0,test
3529,3730.jpg,0,train
3530,3731.jpg,0,test
3531,3732.jpg,0,train
3532,3733.jpg,0,train
3533,3734.jpg,0,train
3534,3735.jpg,0,test
3535,3736.jpg,0,test
3536,3737.jpg,0,test
3537,3738.jpg,0,train
3538,3739.jpg,0,train
3539,3740.jpg,0,train
3540,3741.jpg,0,train
3541,3742.jpg,0,test
3542,3743.jpg,0,train
3543,3744.jpg,0,val
3544,3745.jpg,0,test
3545,3746.jpg,0,test
3546,3747.jpg,0,train
3547,3748.jpg,0,test
3548,3749.jpg,0,train
3549,3750.jpg,0,train
3550,3751.jpg,0,train
3551,3752.jpg,0,test
3552,3753.jpg,0,train
3553,3754.jpg,0,train
3554,3755.jpg,0,train
3555,3756.jpg,0,train
3556,3757.jpg,0,train
3557,3758.jpg,0,train
3558,3759.jpg,0,test
3559,3760.jpg,0,train
3560,3761.jpg,0,train
3561,3762.jpg,0,train
3562,3763.jpg,0,train
3563,3764.jpg,0,test
3564,3765.jpg,0,train
3565,3766.jpg,0,train
3566,3767.jpg,0,train
3567,3768.jpg,0,train
3568,3769.jpg,0,train
3569,3770.jpg,0,train
3570,3771.jpg,0,test
3571,3772.jpg,0,val
3572,3773.jpg,0,train
3573,3774.jpg,0,train
3574,3775.jpg,0,train
3575,3776.jpg,0,train
3576,3777.jpg,0,train
3577,3778.jpg,0,test
3578,3779.jpg,0,test
3579,3780.jpg,0,test
3580,3781.jpg,0,test
3581,3782.jpg,0,test
3582,3783.jpg,0,test
3583,3784.jpg,0,train
3584,3785.jpg,0,train
3585,3786.jpg,0,train
3586,3787.jpg,0,train
3587,3788.jpg,0,val
3588,3789.jpg,0,test
3589,3790.jpg,0,val
3590,3791.jpg,0,train
3591,3792.jpg,0,train
3592,3793.jpg,0,test
3593,3794.jpg,0,train
3594,3795.jpg,0,train
3595,3796.jpg,0,train
3596,3797.jpg,0,train
3597,3798.jpg,0,train
3598,3799.jpg,0,test
3599,3800.jpg,0,train
3600,3801.jpg,0,train
3601,3802.jpg,0,train
3602,3803.jpg,0,train
3603,3804.jpg,0,train
3604,3805.jpg,0,train
3605,3806.jpg,0,train
3606,3807.jpg,0,train
3607,3808.jpg,0,test
3608,3809.jpg,0,test
3609,3810.jpg,0,train
3610,3811.jpg,0,test
3611,3812.jpg,0,test
3612,3813.jpg,0,train
3613,3814.jpg,0,train
3614,3815.jpg,0,val
3615,3816.jpg,0,train
3616,3817.jpg,0,test
3617,3818.jpg,0,test
3618,3819.jpg,0,val
3619,3820.jpg,0,train
3620,3821.jpg,0,train
3621,3822.jpg,0,test
3622,3823.jpg,0,train
3623,3824.jpg,0,train
3624,3825.jpg,0,train
3625,3826.jpg,0,train
3626,3827.jpg,0,train
3627,3828.jpg,0,train
3628,3829.jpg,0,test
3629,3830.jpg,0,val
3630,3831.jpg,0,train
3631,3832.jpg,0,train
3632,3833.jpg,0,train
3633,3834.jpg,0,test
3634,3835.jpg,0,train
3635,3836.jpg,0,train
3636,3837.jpg,0,train
3637,3838.jpg,0,train
3638,3839.jpg,0,test
3639,3840.jpg,0,train
3640,3841.jpg,0,val
3641,3842.jpg,0,train
3642,3843.jpg,0,train
3643,3844.jpg,0,train
3644,3845.jpg,0,train
3645,3846.jpg,0,train
3646,3847.jpg,0,train
3647,3848.jpg,0,train
3648,3849.jpg,0,train
3649,3850.jpg,0,train
3650,3851.jpg,0,train
3651,3852.jpg,0,train
3652,3853.jpg,0,train
3653,3854.jpg,0,val
3654,3855.jpg,0,train
3655,3856.jpg,0,train
3656,3857.jpg,0,train
3657,3858.jpg,0,test
3658,3859.jpg,0,train
3659,3860.jpg,0,train
3660,3861.jpg,0,train
3661,3862.jpg,0,val
3662,3863.jpg,0,train
3663,3864.jpg,0,test
3664,3865.jpg,0,train
3665,3866.jpg,0,train
3666,3867.jpg,0,test
3667,3868.jpg,0,val
3668,3869.jpg,0,train
3669,3870.jpg,0,test
3670,3871.jpg,0,train
3671,3872.jpg,0,test
3672,3873.jpg,0,train
3673,3874.jpg,0,train
3674,3875.jpg,0,train
3675,3876.jpg,0,train
3676,3877.jpg,0,train
3677,3878.jpg,0,train
3678,3879.jpg,0,val
3679,3880.jpg,0,val
3680,3881.jpg,0,val
3681,3882.jpg,0,val
3682,3883.jpg,0,train
3683,3884.jpg,0,train
3684,3885.jpg,0,train
3685,3886.jpg,0,test
3686,3887.jpg,0,train
3687,3888.jpg,0,train
3688,3889.jpg,0,train
3689,3890.jpg,0,train
3690,3891.jpg,0,train
3691,3892.jpg,0,val
3692,3893.jpg,0,train
3693,3894.jpg,0,train
3694,3895.jpg,0,train
3695,3896.jpg,0,train
3696,3897.jpg,0,train
3697,3898.jpg,0,test
3698,3899.jpg,0,train
3699,3900.jpg,0,train
3700,3901.jpg,0,test
3701,3902.jpg,0,train
3702,3903.jpg,0,train
3703,3904.jpg,0,train
3704,3905.jpg,0,train
3705,3906.jpg,0,train
3706,3907.jpg,0,train
3707,3908.jpg,0,test
3708,3909.jpg,0,train
3709,3910.jpg,0,train
3710,3911.jpg,0,train
3711,3912.jpg,0,train
3712,3913.jpg,0,test
3713,3914.jpg,0,train
3714,3915.jpg,0,train
3715,3916.jpg,0,train
3716,3917.jpg,0,test
3717,3918.jpg,0,train
3718,3919.jpg,0,train
3719,3920.jpg,0,train
3720,3921.jpg,0,train
3721,3922.jpg,0,train
3722,3923.jpg,0,train
3723,3924.jpg,0,train
3724,3925.jpg,0,train
3725,3926.jpg,0,train
3726,3927.jpg,0,test
3727,3928.jpg,0,train
3728,3929.jpg,0,train
3729,3930.jpg,0,val
3730,3931.jpg,0,train
3731,3932.jpg,0,test
3732,3933.jpg,0,train
3733,3934.jpg,0,train
3734,3935.jpg,0,test
3735,3936.jpg,0,test
3736,3937.jpg,0,test
3737,3938.jpg,0,train
3738,3939.jpg,0,train
3739,3940.jpg,0,train
3740,3941.jpg,0,train
3741,3942.jpg,0,train
3742,3943.jpg,0,test
3743,3944.jpg,0,train
3744,3945.jpg,0,test
3745,3946.jpg,0,test
3746,3947.jpg,0,train
3747,3948.jpg,0,train
3748,3949.jpg,0,train
3749,3950.jpg,0,train
3750,3951.jpg,0,train
3751,3952.jpg,0,train
3752,3953.jpg,0,train
3753,3954.jpg,0,train
3754,3955.jpg,0,train
3755,3956.jpg,0,train
3756,3957.jpg,0,train
3757,3958.jpg,0,train
3758,3959.jpg,0,test
3759,3960.jpg,0,train
3760,3961.jpg,0,train
3761,3962.jpg,0,val
3762,3963.jpg,0,train
3763,3964.jpg,0,train
3764,3965.jpg,0,test
3765,3966.jpg,0,train
3766,3967.jpg,0,test
3767,3968.jpg,0,test
3768,3969.jpg,0,val
3769,3970.jpg,0,train
3770,3971.jpg,0,test
3771,3972.jpg,0,train
3772,3973.jpg,0,val
3773,3974.jpg,0,train
3774,3975.jpg,0,train
3775,3976.jpg,0,train
3776,3977.jpg,0,train
3777,3978.jpg,0,train
3778,3979.jpg,0,train
3779,3980.jpg,0,train
3780,3981.jpg,0,train
3781,3982.jpg,0,train
3782,3983.jpg,0,train
3783,3984.jpg,0,train
3784,3985.jpg,0,train
3785,3986.jpg,0,train
3786,3987.jpg,0,train
3787,3988.jpg,0,test
3788,3989.jpg,0,train
3789,3990.jpg,0,train
3790,3991.jpg,0,test
3791,3992.jpg,0,train
3792,3993.jpg,0,val
3793,3994.jpg,0,train
3794,3995.jpg,0,train
3795,3996.jpg,0,train
3796,3997.jpg,0,train
3797,3998.jpg,0,train
3798,3999.jpg,0,test
3799,4000.jpg,0,train
3800,4001.jpg,0,train
3801,4002.jpg,0,val
3802,4003.jpg,0,train
3803,4004.jpg,0,train
3804,4005.jpg,0,train
3805,4006.jpg,0,train
3806,4007.jpg,0,train
3807,4008.jpg,0,train
3808,4009.jpg,0,train
3809,4010.jpg,0,train
3810,4011.jpg,0,train
3811,4012.jpg,0,train
3812,4013.jpg,0,train
3813,4014.jpg,0,train
3814,4015.jpg,0,test
3815,4016.jpg,0,train
3816,4017.jpg,0,test
3817,4018.jpg,0,train
3818,4019.jpg,0,train
3819,4020.jpg,0,train
3820,4021.jpg,0,test
3821,4022.jpg,0,train
3822,4023.jpg,0,test
3823,4024.jpg,0,train
3824,4025.jpg,0,val
3825,4026.jpg,0,test
3826,4027.jpg,0,train
3827,4028.jpg,0,test
3828,4029.jpg,0,test
3829,4030.jpg,0,train
3830,4031.jpg,0,train
3831,4032.jpg,0,train
3832,4033.jpg,0,train
3833,4034.jpg,0,train
3834,4035.jpg,0,train
3835,4036.jpg,0,train
3836,4037.jpg,0,train
3837,4038.jpg,0,train
3838,4039.jpg,0,val
3839,4040.jpg,0,train
3840,4041.jpg,0,train
3841,4042.jpg,0,train
3842,4043.jpg,0,train
3843,4044.jpg,0,train
3844,4045.jpg,0,train
3845,4046.jpg,0,test
3846,4047.jpg,0,train
3847,4048.jpg,0,train
3848,4049.jpg,0,train
3849,4050.jpg,0,val
3850,4051.jpg,0,train
3851,4052.jpg,0,test
3852,4053.jpg,0,train
3853,4054.jpg,0,train
3854,4055.jpg,0,train
3855,4056.jpg,0,train
3856,4057.jpg,0,train
3857,4058.jpg,0,train
3858,4059.jpg,0,train
3859,4060.jpg,0,train
3860,4061.jpg,0,train
3861,4062.jpg,0,train
3862,4063.jpg,0,train
3863,4064.jpg,0,train
3864,4065.jpg,0,train
3865,4066.jpg,0,train
3866,4067.jpg,0,train
3867,4068.jpg,0,train
3868,4069.jpg,0,train
3869,4070.jpg,0,val
3870,4071.jpg,0,train
3871,4072.jpg,0,train
3872,4073.jpg,0,train
3873,4074.jpg,0,test
3874,4075.jpg,0,train
3875,4076.jpg,0,train
3876,4077.jpg,0,train
3877,4078.jpg,0,train
3878,4079.jpg,0,train
3879,4080.jpg,0,train
3880,4081.jpg,0,train
3881,4082.jpg,0,train
3882,4083.jpg,0,val
3883,4084.jpg,0,train
3884,4085.jpg,0,train
3885,4086.jpg,0,train
3886,4087.jpg,0,train
3887,4088.jpg,0,val
3888,4089.jpg,0,train
3889,4090.jpg,0,train
3890,4091.jpg,0,val
3891,4092.jpg,0,train
3892,4093.jpg,0,test
3893,4094.jpg,0,train
3894,4095.jpg,0,train
3895,4096.jpg,0,train
3896,4097.jpg,0,train
3897,4098.jpg,0,train
3898,4099.jpg,0,train
3899,4100.jpg,0,val
3900,4101.jpg,0,train
3901,4102.jpg,0,test
3902,4103.jpg,0,train
3903,4104.jpg,0,train
3904,4105.jpg,0,test
3905,4106.jpg,0,train
3906,4107.jpg,0,test
3907,4108.jpg,0,train
3908,4109.jpg,0,val
3909,4110.jpg,0,test
3910,4111.jpg,0,train
3911,4112.jpg,0,train
3912,4113.jpg,0,val
3913,4114.jpg,0,train
3914,4115.jpg,0,train
3915,4116.jpg,0,test
3916,4117.jpg,0,val
3917,4118.jpg,0,train
3918,4119.jpg,0,train
3919,4120.jpg,0,val
3920,4121.jpg,0,val
3921,4122.jpg,0,val
3922,4123.jpg,0,train
3923,4124.jpg,0,train
3924,4125.jpg,0,train
3925,4126.jpg,0,train
3926,4127.jpg,0,train
3927,4128.jpg,0,train
3928,4129.jpg,0,test
3929,4130.jpg,0,val
3930,4131.jpg,0,test
3931,4132.jpg,0,train
3932,4133.jpg,0,train
3933,4134.jpg,0,train
3934,4135.jpg,0,test
3935,4136.jpg,0,test
3936,4137.jpg,0,test
3937,4138.jpg,0,train
3938,4139.jpg,0,train
3939,4140.jpg,0,train
3940,4141.jpg,0,val
3941,4142.jpg,0,test
3942,4143.jpg,0,test
3943,4144.jpg,0,train
3944,4145.jpg,0,test
3945,4146.jpg,0,train
3946,4147.jpg,0,train
3947,4148.jpg,0,train
3948,4149.jpg,0,test
3949,4150.jpg,0,train
3950,4151.jpg,0,test
3951,4152.jpg,0,val
3952,4153.jpg,0,train
3953,4154.jpg,0,test
3954,4155.jpg,0,test
3955,4156.jpg,0,train
3956,4157.jpg,0,train
3957,4158.jpg,0,val
3958,4159.jpg,0,train
3959,4160.jpg,0,train
3960,4161.jpg,0,test
3961,4162.jpg,0,test
3962,4163.jpg,0,train
3963,4164.jpg,0,train
3964,4165.jpg,0,train
3965,4166.jpg,0,train
3966,4167.jpg,0,train
3967,4168.jpg,0,test
3968,4169.jpg,0,val
3969,4170.jpg,0,train
3970,4171.jpg,0,train
3971,4172.jpg,0,train
3972,4173.jpg,0,test
3973,4174.jpg,0,train
3974,4175.jpg,0,test
3975,4176.jpg,0,test
3976,4177.jpg,0,train
3977,4178.jpg,0,train
3978,4179.jpg,0,train
3979,4180.jpg,0,train
3980,4181.jpg,0,train
3981,4182.jpg,0,train
3982,4183.jpg,0,train
3983,4184.jpg,0,val
3984,4185.jpg,0,train
3985,4186.jpg,0,train
3986,4187.jpg,0,train
3987,4188.jpg,0,train
3988,4189.jpg,0,train
3989,4190.jpg,0,train
3990,4191.jpg,0,train
3991,4192.jpg,0,val
3992,4193.jpg,0,train
3993,4194.jpg,0,train
3994,4195.jpg,0,test
3995,4196.jpg,0,train
3996,4197.jpg,0,train
3997,4198.jpg,0,train
3998,4199.jpg,0,train
3999,4200.jpg,0,test
4000,4201.jpg,0,train
4001,4202.jpg,0,train
4002,4203.jpg,0,test
4003,4204.jpg,0,train
4004,4205.jpg,0,train
4005,4206.jpg,0,train
4006,4207.jpg,0,train
4007,4208.jpg,0,val
4008,4209.jpg,0,train
4009,4210.jpg,0,test
4010,4211.jpg,0,train
4011,4212.jpg,0,train
4012,4213.jpg,0,train
4013,4214.jpg,0,train
4014,4215.jpg,0,test
4015,4216.jpg,0,test
4016,4217.jpg,0,train
4017,4218.jpg,0,val
4018,4219.jpg,0,train
4019,4220.jpg,0,train
4020,4221.jpg,0,train
4021,4222.jpg,0,test
4022,4223.jpg,0,train
4023,4224.jpg,0,test
4024,4225.jpg,0,train
4025,4226.jpg,0,train
4026,4227.jpg,0,train
4027,4228.jpg,0,train
4028,4229.jpg,0,train
4029,4230.jpg,0,val
4030,4231.jpg,0,train
4031,4232.jpg,0,train
4032,4233.jpg,0,train
4033,4234.jpg,0,test
4034,4235.jpg,0,train
4035,4236.jpg,0,train
4036,4237.jpg,0,test
4037,4238.jpg,0,val
4038,4239.jpg,0,train
4039,4240.jpg,0,train
4040,4241.jpg,0,test
4041,4242.jpg,0,train
4042,4243.jpg,0,val
4043,4244.jpg,0,train
4044,4245.jpg,0,train
4045,4246.jpg,0,val
4046,4247.jpg,0,train
4047,4248.jpg,0,train
4048,4249.jpg,0,test
4049,4250.jpg,0,train
4050,4251.jpg,0,train
4051,4252.jpg,0,train
4052,4253.jpg,0,train
4053,4254.jpg,0,train
4054,4255.jpg,0,train
4055,4256.jpg,0,train
4056,4257.jpg,0,train
4057,4258.jpg,0,val
4058,4259.jpg,0,train
4059,4260.jpg,0,train
4060,4261.jpg,0,val
4061,4262.jpg,0,train
4062,4263.jpg,0,train
4063,4264.jpg,0,test
4064,4265.jpg,0,train
4065,4266.jpg,0,train
4066,4267.jpg,0,train
4067,4268.jpg,0,train
4068,4269.jpg,0,train
4069,4270.jpg,0,train
4070,4271.jpg,0,test
4071,4272.jpg,0,train
4072,4273.jpg,0,train
4073,4274.jpg,0,train
4074,4275.jpg,0,train
4075,4276.jpg,0,test
4076,4277.jpg,0,train
4077,4278.jpg,0,train
4078,4279.jpg,0,train
4079,4280.jpg,0,train
4080,4281.jpg,0,test
4081,4282.jpg,0,train
4082,4283.jpg,0,train
4083,4284.jpg,0,train
4084,4285.jpg,0,train
4085,4286.jpg,0,test
4086,4287.jpg,0,train
4087,4288.jpg,0,train
4088,4289.jpg,0,train
4089,4290.jpg,0,test
4090,4291.jpg,0,train
4091,4292.jpg,0,train
4092,4293.jpg,0,train
4093,4294.jpg,0,test
4094,4295.jpg,0,test
4095,4296.jpg,0,train
4096,4297.jpg,0,test
4097,4298.jpg,0,train
4098,4299.jpg,0,train
4099,4300.jpg,0,train
4100,4301.jpg,0,train
4101,4302.jpg,0,train
4102,4303.jpg,0,train
4103,4304.jpg,0,train
4104,4305.jpg,0,train
4105,4306.jpg,0,test
4106,4307.jpg,0,train
4107,4308.jpg,0,test
4108,4309.jpg,0,test
4109,4310.jpg,0,val
4110,4311.jpg,0,train
4111,4312.jpg,0,test
4112,4313.jpg,0,train
4113,4314.jpg,0,train
4114,4315.jpg,0,train
4115,4316.jpg,0,test
4116,4317.jpg,0,train
4117,4318.jpg,0,train
4118,4319.jpg,0,train
4119,4320.jpg,0,train
4120,4321.jpg,0,test
4121,4322.jpg,0,train
4122,4323.jpg,0,train
4123,4324.jpg,0,train
4124,4325.jpg,0,train
4125,4326.jpg,0,test
4126,4327.jpg,0,train
4127,4328.jpg,0,train
4128,4329.jpg,0,test
4129,4330.jpg,0,test
4130,4331.jpg,0,train
4131,4332.jpg,0,train
4132,4333.jpg,0,val
4133,4334.jpg,0,val
4134,4335.jpg,0,val
4135,4336.jpg,0,test
4136,4337.jpg,0,val
4137,4338.jpg,0,train
4138,4339.jpg,0,test
4139,4340.jpg,0,train
4140,4341.jpg,0,train
4141,4342.jpg,0,train
4142,4343.jpg,0,train
4143,4344.jpg,0,train
4144,4345.jpg,0,test
4145,4346.jpg,0,test
4146,4347.jpg,0,train
4147,4348.jpg,0,val
4148,4349.jpg,0,train
4149,4350.jpg,0,train
4150,4351.jpg,0,test
4151,4352.jpg,0,train
4152,4353.jpg,0,train
4153,4354.jpg,0,train
4154,4355.jpg,0,train
4155,4356.jpg,0,test
4156,4357.jpg,0,train
4157,4358.jpg,0,train
4158,4359.jpg,0,val
4159,4360.jpg,0,train
4160,4361.jpg,0,train
4161,4362.jpg,0,train
4162,4363.jpg,0,test
4163,4364.jpg,0,test
4164,4365.jpg,0,train
4165,4366.jpg,0,train
4166,4367.jpg,0,test
4167,4368.jpg,0,test
4168,4369.jpg,0,train
4169,4370.jpg,0,train
4170,4371.jpg,0,test
4171,4372.jpg,0,train
4172,4373.jpg,0,train
4173,4374.jpg,0,train
4174,4375.jpg,0,test
4175,4376.jpg,0,train
4176,4377.jpg,0,train
4177,4378.jpg,0,train
4178,4379.jpg,0,train
4179,4380.jpg,0,train
4180,4381.jpg,0,train
4181,4382.jpg,0,test
4182,4383.jpg,0,test
4183,4384.jpg,0,test
4184,4385.jpg,0,train
4185,4386.jpg,0,test
4186,4387.jpg,0,test
4187,4388.jpg,0,train
4188,4389.jpg,0,train
4189,4390.jpg,0,train
4190,4391.jpg,0,test
4191,4392.jpg,0,train
4192,4393.jpg,0,train
4193,4394.jpg,0,train
4194,4395.jpg,0,train
4195,4396.jpg,0,train
4196,4397.jpg,0,train
4197,4398.jpg,0,train
4198,4399.jpg,0,train
4199,4400.jpg,0,test
4200,4401.jpg,0,test
4201,4402.jpg,0,train
4202,4403.jpg,0,val
4203,4404.jpg,0,test
4204,4405.jpg,0,train
4205,4406.jpg,0,test
4206,4407.jpg,0,train
4207,4408.jpg,0,val
4208,4409.jpg,0,train
4209,4410.jpg,0,train
4210,4411.jpg,0,val
4211,4412.jpg,0,test
4212,4413.jpg,0,train
4213,4414.jpg,0,train
4214,4415.jpg,0,train
4215,4416.jpg,0,train
4216,4417.jpg,0,train
4217,4418.jpg,0,train
4218,4419.jpg,0,train
4219,4420.jpg,0,train
4220,4421.jpg,0,train
4221,4422.jpg,0,train
4222,4423.jpg,0,train
4223,4424.jpg,0,train
4224,4425.jpg,0,train
4225,4426.jpg,0,train
4226,4427.jpg,0,test
4227,4428.jpg,0,val
4228,4429.jpg,0,train
4229,4430.jpg,0,val
4230,4431.jpg,0,test
4231,4432.jpg,0,test
4232,4433.jpg,0,test
4233,4434.jpg,0,val
4234,4435.jpg,0,test
4235,4436.jpg,0,train
4236,4437.jpg,0,test
4237,4438.jpg,0,train
4238,4439.jpg,0,train
4239,4440.jpg,0,train
4240,4441.jpg,0,train
4241,4442.jpg,0,train
4242,4443.jpg,0,train
4243,4444.jpg,0,train
4244,4445.jpg,0,train
4245,4446.jpg,0,train
4246,4447.jpg,0,test
4247,4448.jpg,0,train
4248,4449.jpg,0,val
4249,4450.jpg,0,train
4250,4451.jpg,0,train
4251,4452.jpg,0,train
4252,4453.jpg,0,train
4253,4454.jpg,0,train
4254,4455.jpg,0,train
4255,4456.jpg,0,train
4256,4457.jpg,0,train
4257,4458.jpg,0,val
4258,4459.jpg,0,train
4259,4460.jpg,0,train
4260,4461.jpg,0,train
4261,4462.jpg,0,test
4262,4463.jpg,0,train
4263,4464.jpg,0,test
4264,4465.jpg,0,train
4265,4466.jpg,0,test
4266,4467.jpg,0,train
4267,4468.jpg,0,train
4268,4469.jpg,0,train
4269,4470.jpg,0,test
4270,4471.jpg,0,train
4271,4472.jpg,0,train
4272,4473.jpg,0,train
4273,4474.jpg,0,test
4274,4475.jpg,0,val
4275,4476.jpg,0,train
4276,4477.jpg,0,train
4277,4478.jpg,0,train
4278,4479.jpg,0,val
4279,4480.jpg,0,val
4280,4481.jpg,0,test
4281,4482.jpg,0,val
4282,4483.jpg,0,train
4283,4484.jpg,0,test
4284,4485.jpg,0,test
4285,4486.jpg,0,train
4286,4487.jpg,0,train
4287,4488.jpg,0,val
4288,4489.jpg,0,train
4289,4490.jpg,0,train
4290,4491.jpg,0,train
4291,4492.jpg,0,train
4292,4493.jpg,0,train
4293,4494.jpg,0,train
4294,4495.jpg,0,train
4295,4496.jpg,0,train
4296,4497.jpg,0,val
4297,4498.jpg,0,train
4298,4499.jpg,0,train
4299,4500.jpg,0,train
4300,4501.jpg,0,test
4301,4502.jpg,0,train
4302,4503.jpg,0,train
4303,4504.jpg,0,train
4304,4505.jpg,0,test
4305,4506.jpg,0,train
4306,4507.jpg,0,train
4307,4508.jpg,0,train
4308,4509.jpg,0,train
4309,4510.jpg,0,train
4310,4511.jpg,0,train
4311,4512.jpg,0,test
4312,4513.jpg,0,train
4313,4514.jpg,0,train
4314,4515.jpg,0,train
4315,4516.jpg,0,train
4316,4517.jpg,0,train
4317,4518.jpg,0,train
4318,4519.jpg,0,train
4319,4520.jpg,0,train
4320,4521.jpg,0,train
4321,4522.jpg,0,train
4322,4523.jpg,0,train
4323,4524.jpg,0,train
4324,4525.jpg,0,val
4325,4526.jpg,0,train
4326,4527.jpg,0,train
4327,4528.jpg,0,train
4328,4529.jpg,0,train
4329,4530.jpg,0,train
4330,4531.jpg,0,train
4331,4532.jpg,0,train
4332,4533.jpg,0,train
4333,4534.jpg,0,train
4334,4535.jpg,0,val
4335,4536.jpg,0,train
4336,4537.jpg,0,train
4337,4538.jpg,0,train
4338,4539.jpg,0,train
4339,4540.jpg,0,train
4340,4541.jpg,0,train
4341,4542.jpg,0,train
4342,4543.jpg,0,train
4343,4544.jpg,0,train
4344,4545.jpg,0,train
4345,4546.jpg,0,test
4346,4547.jpg,0,train
4347,4548.jpg,0,train
4348,4549.jpg,0,train
4349,4550.jpg,0,train
4350,4551.jpg,0,train
4351,4552.jpg,0,train
4352,4553.jpg,0,train
4353,4554.jpg,0,train
4354,4555.jpg,0,train
4355,4556.jpg,0,train
4356,4557.jpg,0,val
4357,4558.jpg,0,train
4358,4559.jpg,0,train
4359,4560.jpg,0,train
4360,4561.jpg,0,train
4361,4562.jpg,0,val
4362,4563.jpg,0,train
4363,4564.jpg,0,val
4364,4565.jpg,0,train
4365,4566.jpg,0,train
4366,4567.jpg,0,train
4367,4568.jpg,0,test
4368,4569.jpg,0,train
4369,4570.jpg,0,train
4370,4571.jpg,0,test
4371,4572.jpg,0,train
4372,4573.jpg,0,train
4373,4574.jpg,0,train
4374,4575.jpg,0,train
4375,4576.jpg,0,train
4376,4577.jpg,0,train
4377,4578.jpg,0,train
4378,4579.jpg,0,train
4379,4580.jpg,0,test
4380,4581.jpg,0,test
4381,4582.jpg,0,train
4382,4583.jpg,0,train
4383,4584.jpg,0,val
4384,4585.jpg,0,val
4385,4586.jpg,0,train
4386,4587.jpg,0,test
4387,4588.jpg,0,train
4388,4589.jpg,0,test
4389,4590.jpg,0,train
4390,4591.jpg,0,train
4391,4592.jpg,0,test
4392,4593.jpg,0,train
4393,4594.jpg,0,train
4394,4595.jpg,0,train
4395,4596.jpg,0,train
4396,4597.jpg,0,train
4397,4598.jpg,0,train
4398,4599.jpg,0,train
4399,4600.jpg,0,test
4400,4601.jpg,0,test
4401,4602.jpg,0,test
4402,4603.jpg,0,train
4403,4604.jpg,0,test
4404,4605.jpg,0,train
4405,4606.jpg,0,test
4406,4607.jpg,0,train
4407,4608.jpg,0,test
4408,4609.jpg,0,train
4409,4610.jpg,0,test
4410,4611.jpg,0,val
4411,4612.jpg,0,val
4412,4613.jpg,0,val
4413,4614.jpg,0,train
4414,4615.jpg,0,train
4415,4616.jpg,0,test
4416,4617.jpg,0,train
4417,4618.jpg,0,train
4418,4619.jpg,0,val
4419,4620.jpg,0,train
4420,4621.jpg,0,test
4421,4622.jpg,0,train
4422,4623.jpg,0,train
4423,4624.jpg,0,train
4424,4625.jpg,0,val
4425,4626.jpg,0,train
4426,4627.jpg,0,train
4427,4628.jpg,0,train
4428,4629.jpg,0,train
4429,4630.jpg,0,train
4430,4631.jpg,0,test
4431,4632.jpg,0,train
4432,4633.jpg,0,train
4433,4634.jpg,0,train
4434,4635.jpg,0,train
4435,4636.jpg,0,train
4436,4637.jpg,0,val
4437,4638.jpg,0,val
4438,4639.jpg,0,test
4439,4640.jpg,0,train
4440,4641.jpg,0,test
4441,4642.jpg,0,test
4442,4643.jpg,0,train
4443,4644.jpg,0,val
4444,4645.jpg,0,train
4445,4646.jpg,0,train
4446,4647.jpg,0,test
4447,4648.jpg,0,train
4448,4649.jpg,0,train
4449,4650.jpg,0,test
4450,4651.jpg,0,train
4451,4652.jpg,0,test
4452,4653.jpg,0,train
4453,4654.jpg,0,train
4454,4655.jpg,0,test
4455,4656.jpg,0,train
4456,4657.jpg,0,test
4457,4658.jpg,0,train
4458,4659.jpg,0,train
4459,4660.jpg,0,test
4460,4661.jpg,0,val
4461,4662.jpg,0,train
4462,4663.jpg,0,test
4463,4664.jpg,0,train
4464,4665.jpg,0,train
4465,4666.jpg,0,val
4466,4667.jpg,0,val
4467,4668.jpg,0,train
4468,4669.jpg,0,train
4469,4670.jpg,0,train
4470,4671.jpg,0,train
4471,4672.jpg,0,train
4472,4673.jpg,0,train
4473,4674.jpg,0,train
4474,4675.jpg,0,train
4475,4676.jpg,0,train
4476,4677.jpg,0,train
4477,4678.jpg,0,test
4478,4679.jpg,0,train
4479,4680.jpg,0,train
4480,4681.jpg,0,val
4481,4682.jpg,0,train
4482,4683.jpg,0,train
4483,4684.jpg,0,train
4484,4685.jpg,0,test
4485,4686.jpg,0,train
4486,4687.jpg,0,train
4487,4688.jpg,0,val
4488,4689.jpg,0,train
4489,4690.jpg,0,train
4490,4691.jpg,0,test
4491,4692.jpg,0,test
4492,4693.jpg,0,train
4493,4694.jpg,0,test
4494,4695.jpg,0,test
4495,4696.jpg,0,val
4496,4697.jpg,0,train
4497,4698.jpg,0,train
4498,4699.jpg,0,test
4499,4700.jpg,0,train
4500,4701.jpg,0,train
4501,4702.jpg,0,test
4502,4703.jpg,0,train
4503,4704.jpg,0,train
4504,4705.jpg,0,test
4505,4706.jpg,0,train
4506,4707.jpg,0,train
4507,4708.jpg,0,train
4508,4709.jpg,0,val
4509,4710.jpg,0,train
4510,4711.jpg,0,train
4511,4712.jpg,0,train
4512,4713.jpg,0,train
4513,4714.jpg,0,test
4514,4715.jpg,0,train
4515,4716.jpg,0,train
4516,4717.jpg,0,test
4517,4718.jpg,0,train
4518,4719.jpg,0,train
4519,4720.jpg,0,train
4520,4721.jpg,0,train
4521,4722.jpg,0,train
4522,4723.jpg,0,val
4523,4724.jpg,0,test
4524,4725.jpg,0,train
4525,4726.jpg,0,train
4526,4727.jpg,0,train
4527,4728.jpg,0,test
4528,4729.jpg,0,train
4529,4730.jpg,0,train
4530,4731.jpg,0,train
4531,4732.jpg,0,val
4532,4733.jpg,0,val
4533,4734.jpg,0,train
4534,4735.jpg,0,train
4535,4736.jpg,0,test
4536,4737.jpg,0,train
4537,4738.jpg,0,train
4538,4739.jpg,0,train
4539,4740.jpg,0,train
4540,4741.jpg,0,val
4541,4742.jpg,0,test
4542,4743.jpg,0,train
4543,4744.jpg,0,test
4544,4745.jpg,0,val
4545,4746.jpg,0,train
4546,4747.jpg,0,train
4547,4748.jpg,0,train
4548,4749.jpg,0,train
4549,4750.jpg,0,train
4550,4751.jpg,0,val
4551,4752.jpg,0,test
4552,4753.jpg,0,test
4553,4754.jpg,0,test
4554,4755.jpg,0,val
4555,4756.jpg,0,test
4556,4757.jpg,0,test
4557,4758.jpg,0,test
4558,4759.jpg,0,train
4559,4760.jpg,0,train
4560,4761.jpg,0,train
4561,4762.jpg,0,val
4562,4763.jpg,0,train
4563,4764.jpg,0,train
4564,4765.jpg,0,test
4565,4766.jpg,0,train
4566,4767.jpg,0,test
4567,4768.jpg,0,val
4568,4769.jpg,0,train
4569,4770.jpg,0,train
4570,4771.jpg,0,test
4571,4772.jpg,0,train
4572,4773.jpg,0,train
4573,4774.jpg,0,train
4574,4775.jpg,0,train
4575,4776.jpg,0,train
4576,4777.jpg,0,train
4577,4778.jpg,0,train
4578,4779.jpg,0,test
4579,4780.jpg,0,train
4580,4781.jpg,0,test
4581,4782.jpg,0,train
4582,4783.jpg,0,train
4583,4784.jpg,0,train
4584,4785.jpg,0,train
4585,4786.jpg,0,val
4586,4787.jpg,0,train
4587,4788.jpg,0,val
4588,4789.jpg,0,train
4589,4790.jpg,0,train
4590,4791.jpg,0,test
4591,4792.jpg,0,train
4592,4793.jpg,0,train
4593,4794.jpg,0,val
4594,4795.jpg,0,train
4595,4796.jpg,0,train
4596,4797.jpg,0,train
4597,4798.jpg,0,train
4598,4799.jpg,0,train
4599,4800.jpg,0,train
4600,4801.jpg,0,test
4601,4802.jpg,0,train
4602,4803.jpg,0,train
4603,4804.jpg,0,test
4604,4805.jpg,0,val
4605,4806.jpg,0,test
4606,4807.jpg,0,train
4607,4808.jpg,0,train
4608,4809.jpg,0,val
4609,4810.jpg,0,test
4610,4811.jpg,0,train
4611,4812.jpg,0,test
4612,4813.jpg,0,test
4613,4814.jpg,0,train
4614,4815.jpg,0,train
4615,4816.jpg,0,test
4616,4817.jpg,0,train
4617,4818.jpg,0,train
4618,4819.jpg,0,train
4619,4820.jpg,0,test
4620,4821.jpg,0,train
4621,4822.jpg,0,train
4622,4823.jpg,0,train
4623,4824.jpg,0,val
4624,4825.jpg,0,test
4625,4826.jpg,0,test
4626,4827.jpg,0,val
4627,4828.jpg,0,train
4628,4829.jpg,0,train
4629,4830.jpg,0,test
4630,4831.jpg,0,train
4631,4832.jpg,0,train
4632,4833.jpg,0,train
4633,4834.jpg,0,train
4634,4835.jpg,0,train
4635,4836.jpg,0,train
4636,4837.jpg,0,train
4637,4838.jpg,0,train
4638,4839.jpg,0,train
4639,4840.jpg,0,train
4640,4841.jpg,0,test
4641,4842.jpg,0,train
4642,4843.jpg,0,test
4643,4844.jpg,0,train
4644,4845.jpg,0,train
4645,4846.jpg,0,val
4646,4847.jpg,0,train
4647,4848.jpg,0,train
4648,4849.jpg,0,train
4649,4850.jpg,0,train
4650,4851.jpg,0,val
4651,4852.jpg,0,train
4652,4853.jpg,0,val
4653,4854.jpg,0,train
4654,4855.jpg,0,train
4655,4856.jpg,0,test
4656,4857.jpg,0,val
4657,4858.jpg,0,train
4658,4859.jpg,0,test
4659,4860.jpg,0,train
4660,4861.jpg,0,val
4661,4862.jpg,0,train
4662,4863.jpg,0,train
4663,4864.jpg,0,train
4664,4865.jpg,0,train
4665,4866.jpg,0,train
4666,4867.jpg,0,train
4667,4868.jpg,0,train
4668,4869.jpg,0,train
4669,4870.jpg,0,train
4670,4871.jpg,0,train
4671,4872.jpg,0,train
4672,4873.jpg,0,test
4673,4874.jpg,0,train
4674,4875.jpg,0,train
4675,4876.jpg,0,test
4676,4877.jpg,0,train
4677,4878.jpg,0,train
4678,4879.jpg,0,test
4679,4880.jpg,0,test
4680,4881.jpg,0,val
4681,4882.jpg,0,train
4682,4883.jpg,0,train
4683,4884.jpg,0,train
4684,4885.jpg,0,train
4685,4886.jpg,0,val
4686,4887.jpg,0,train
4687,4888.jpg,0,train
4688,4889.jpg,0,train
4689,4890.jpg,0,train
4690,4891.jpg,0,test
4691,4892.jpg,0,test
4692,4893.jpg,0,train
4693,4894.jpg,0,train
4694,4895.jpg,0,val
4695,4896.jpg,0,train
4696,4897.jpg,0,val
4697,4898.jpg,0,test
4698,4899.jpg,0,train
4699,4900.jpg,0,train
4700,4901.jpg,0,val
4701,4902.jpg,0,train
4702,4903.jpg,0,test
4703,4904.jpg,0,train
4704,4905.jpg,0,train
4705,4906.jpg,0,train
4706,4907.jpg,0,train
4707,4908.jpg,0,test
4708,4909.jpg,0,val
4709,4910.jpg,0,test
4710,4911.jpg,0,train
4711,4912.jpg,0,train
4712,4913.jpg,0,train
4713,4914.jpg,0,train
4714,4915.jpg,0,train
4715,4916.jpg,0,val
4716,4917.jpg,0,train
4717,4918.jpg,0,val
4718,4919.jpg,0,test
4719,4920.jpg,0,test
4720,4921.jpg,0,test
4721,4922.jpg,0,val
4722,4923.jpg,0,train
4723,4924.jpg,0,val
4724,4925.jpg,0,train
4725,4926.jpg,0,train
4726,4927.jpg,0,val
4727,4928.jpg,0,train
4728,4929.jpg,0,train
4729,4930.jpg,0,test
4730,4931.jpg,0,train
4731,4932.jpg,0,val
4732,4933.jpg,0,train
4733,4934.jpg,0,train
4734,4935.jpg,0,test
4735,4936.jpg,0,train
4736,4937.jpg,0,train
4737,4938.jpg,0,test
4738,4939.jpg,0,train
4739,4940.jpg,0,test
4740,4941.jpg,0,test
4741,4942.jpg,0,train
4742,4943.jpg,0,test
4743,4944.jpg,0,train
4744,4945.jpg,0,train
4745,4946.jpg,0,train
4746,4947.jpg,0,train
4747,4948.jpg,0,train
4748,4949.jpg,0,train
4749,4950.jpg,0,train
4750,4951.jpg,0,train
4751,4952.jpg,0,test
4752,4953.jpg,0,train
4753,4954.jpg,0,train
4754,4955.jpg,0,test
4755,4956.jpg,0,train
4756,4957.jpg,0,train
4757,4958.jpg,0,train
4758,4959.jpg,0,train
4759,4960.jpg,0,test
4760,4961.jpg,0,train
4761,4962.jpg,0,train
4762,4963.jpg,0,train
4763,4964.jpg,0,train
4764,4965.jpg,0,train
4765,4966.jpg,0,train
4766,4967.jpg,0,train
4767,4968.jpg,0,train
4768,4969.jpg,0,train
4769,4970.jpg,0,train
4770,4971.jpg,0,test
4771,4972.jpg,0,train
4772,4973.jpg,0,train
4773,4974.jpg,0,train
4774,4975.jpg,0,val
4775,4976.jpg,0,test
4776,4977.jpg,0,train
4777,4978.jpg,0,test
4778,4979.jpg,0,train
4779,4980.jpg,0,train
4780,4981.jpg,0,test
4781,4982.jpg,0,test
4782,4983.jpg,0,test
4783,4984.jpg,0,train
4784,4985.jpg,0,train
4785,4986.jpg,0,val
4786,4987.jpg,0,train
4787,4988.jpg,0,train
4788,4989.jpg,0,train
4789,4990.jpg,0,val
4790,4991.jpg,0,test
4791,4992.jpg,0,train
4792,4993.jpg,0,train
4793,4994.jpg,0,test
4794,4995.jpg,0,train
4795,4996.jpg,0,train
4796,4997.jpg,0,val
4797,4998.jpg,0,test
4798,4999.jpg,0,train
4799,5000.jpg,0,train
4800,5001.jpg,0,train
4801,5002.jpg,0,test
4802,5003.jpg,0,train
4803,5004.jpg,0,train
4804,5005.jpg,0,test
4805,5006.jpg,0,train
4806,5007.jpg,0,train
4807,5008.jpg,0,val
4808,5009.jpg,0,train
4809,5010.jpg,0,test
4810,5011.jpg,0,train
4811,5012.jpg,0,train
4812,5013.jpg,0,test
4813,5014.jpg,0,train
4814,5015.jpg,0,train
4815,5016.jpg,0,test
4816,5017.jpg,0,train
4817,5018.jpg,0,train
4818,5019.jpg,0,train
4819,5020.jpg,0,train
4820,5021.jpg,0,train
4821,5022.jpg,0,train
4822,5023.jpg,0,val
4823,5024.jpg,0,train
4824,5025.jpg,0,train
4825,5026.jpg,0,train
4826,5027.jpg,0,train
4827,5028.jpg,0,train
4828,5029.jpg,0,train
4829,5030.jpg,0,train
4830,5031.jpg,0,test
4831,5032.jpg,0,train
4832,5033.jpg,0,val
4833,5034.jpg,0,test
4834,5035.jpg,0,train
4835,5036.jpg,0,train
4836,5037.jpg,0,train
4837,5038.jpg,0,train
4838,5039.jpg,0,train
4839,5040.jpg,0,train
4840,5041.jpg,0,train
4841,5042.jpg,0,train
4842,5043.jpg,0,train
4843,5044.jpg,0,train
4844,5045.jpg,0,train
4845,5046.jpg,0,train
4846,5047.jpg,0,test
4847,5048.jpg,0,train
4848,5049.jpg,0,train
4849,5050.jpg,0,train
4850,5051.jpg,0,train
4851,5052.jpg,0,train
4852,5053.jpg,0,train
4853,5054.jpg,0,train
4854,5055.jpg,0,train
4855,5056.jpg,0,train
4856,5057.jpg,0,train
4857,5058.jpg,0,train
4858,5059.jpg,0,test
4859,5060.jpg,0,train
4860,5061.jpg,0,test
4861,5062.jpg,0,train
4862,5063.jpg,0,train
4863,5064.jpg,0,train
4864,5065.jpg,0,train
4865,5066.jpg,0,train
4866,5067.jpg,0,train
4867,5068.jpg,0,test
4868,5069.jpg,0,train
4869,5070.jpg,0,val
4870,5071.jpg,0,train
4871,5072.jpg,0,train
4872,5073.jpg,0,train
4873,5074.jpg,0,train
4874,5075.jpg,0,train
4875,5076.jpg,0,val
4876,5077.jpg,0,train
4877,5078.jpg,0,train
4878,5079.jpg,0,val
4879,5080.jpg,0,train
4880,5081.jpg,0,val
4881,5082.jpg,0,train
4882,5083.jpg,0,test
4883,5084.jpg,0,train
4884,5085.jpg,0,train
4885,5086.jpg,0,train
4886,5087.jpg,0,train
4887,5088.jpg,0,train
4888,5089.jpg,0,train
4889,5090.jpg,0,val
4890,5091.jpg,0,train
4891,5092.jpg,0,train
4892,5093.jpg,0,train
4893,5094.jpg,0,test
4894,5095.jpg,0,test
4895,5096.jpg,0,train
4896,5097.jpg,0,train
4897,5098.jpg,0,train
4898,5099.jpg,0,train
4899,5100.jpg,0,train
4900,5101.jpg,0,val
4901,5102.jpg,0,train
4902,5103.jpg,0,train
4903,5104.jpg,0,val
4904,5105.jpg,0,train
4905,5106.jpg,0,train
4906,5107.jpg,0,train
4907,5108.jpg,0,train
4908,5109.jpg,0,test
4909,5110.jpg,0,train
4910,5111.jpg,0,train
4911,5112.jpg,0,train
4912,5113.jpg,0,train
4913,5114.jpg,0,train
4914,5115.jpg,0,train
4915,5116.jpg,0,train
4916,5117.jpg,0,train
4917,5118.jpg,0,train
4918,5119.jpg,0,train
4919,5120.jpg,0,test
4920,5121.jpg,0,train
4921,5122.jpg,0,val
4922,5123.jpg,0,train
4923,5124.jpg,0,train
4924,5125.jpg,0,test
4925,5126.jpg,0,test
4926,5127.jpg,0,train
4927,5128.jpg,0,train
4928,5129.jpg,0,train
4929,5130.jpg,0,train
4930,5131.jpg,0,train
4931,5132.jpg,0,train
4932,5133.jpg,0,train
4933,5134.jpg,0,train
4934,5135.jpg,0,train
4935,5136.jpg,0,train
4936,5137.jpg,0,val
4937,5138.jpg,0,train
4938,5139.jpg,0,val
4939,5140.jpg,0,test
4940,5141.jpg,0,train
4941,5142.jpg,0,train
4942,5143.jpg,0,train
4943,5144.jpg,0,test
4944,5145.jpg,0,test
4945,5146.jpg,0,train
4946,5147.jpg,0,test
4947,5148.jpg,0,val
4948,5149.jpg,0,train
4949,5150.jpg,0,train
4950,5151.jpg,0,train
4951,5152.jpg,0,train
4952,5153.jpg,0,val
4953,5154.jpg,0,train
4954,5155.jpg,0,train
4955,5156.jpg,0,test
4956,5157.jpg,0,train
4957,5158.jpg,0,train
4958,5159.jpg,0,train
4959,5160.jpg,0,train
4960,5161.jpg,0,train
4961,5162.jpg,0,train
4962,5163.jpg,0,train
4963,5164.jpg,0,train
4964,5165.jpg,0,train
4965,5166.jpg,0,train
4966,5167.jpg,0,train
4967,5168.jpg,0,train
4968,5169.jpg,0,train
4969,5170.jpg,0,train
4970,5171.jpg,0,train
4971,5172.jpg,0,train
4972,5173.jpg,0,train
4973,5174.jpg,0,train
4974,5175.jpg,0,val
4975,5176.jpg,0,test
4976,5177.jpg,0,test
4977,5178.jpg,0,val
4978,5179.jpg,0,train
4979,5180.jpg,0,train
4980,5181.jpg,0,test
4981,5182.jpg,0,train
4982,5183.jpg,0,test
4983,5184.jpg,0,train
4984,5185.jpg,0,train
4985,5186.jpg,0,test
4986,5187.jpg,0,train
4987,5188.jpg,0,train
4988,5189.jpg,0,train
4989,5190.jpg,0,val
4990,5191.jpg,0,train
4991,5192.jpg,0,val
4992,5193.jpg,0,train
4993,5194.jpg,0,test
4994,5195.jpg,0,train
4995,5196.jpg,0,test
4996,5197.jpg,0,test
4997,5198.jpg,0,train
4998,5199.jpg,0,train
4999,5200.jpg,0,test
5000,5201.jpg,0,test
5001,5202.jpg,0,test
5002,5203.jpg,0,train
5003,5204.jpg,0,train
5004,5205.jpg,0,test
5005,5206.jpg,0,val
5006,5207.jpg,0,test
5007,5208.jpg,0,train
5008,5209.jpg,0,train
5009,5210.jpg,0,train
5010,5211.jpg,0,train
5011,5212.jpg,0,train
5012,5213.jpg,0,train
5013,5214.jpg,0,train
5014,5215.jpg,0,train
5015,5216.jpg,0,train
5016,5217.jpg,0,train
5017,5218.jpg,0,train
5018,5219.jpg,0,train
5019,5220.jpg,0,train
5020,5221.jpg,0,test
5021,5222.jpg,0,val
5022,5223.jpg,0,train
5023,5224.jpg,0,train
5024,5225.jpg,0,test
5025,5226.jpg,0,train
5026,5227.jpg,0,train
5027,5228.jpg,0,train
5028,5229.jpg,0,test
5029,5230.jpg,0,val
5030,5231.jpg,0,train
5031,5232.jpg,0,train
5032,5233.jpg,0,val
5033,5234.jpg,0,test
5034,5235.jpg,0,test
5035,5236.jpg,0,train
5036,5237.jpg,0,train
5037,5238.jpg,0,train
5038,5239.jpg,0,train
5039,5240.jpg,0,train
5040,5241.jpg,0,train
5041,5242.jpg,0,train
5042,5243.jpg,0,train
5043,5244.jpg,0,train
5044,5245.jpg,0,val
5045,5246.jpg,0,val
5046,5247.jpg,0,train
5047,5248.jpg,0,train
5048,5249.jpg,0,train
5049,5250.jpg,0,train
5050,5251.jpg,0,train
5051,5252.jpg,0,train
5052,5253.jpg,0,val
5053,5254.jpg,0,train
5054,5255.jpg,0,test
5055,5256.jpg,0,test
5056,5257.jpg,0,train
5057,5258.jpg,0,train
5058,5259.jpg,0,train
5059,5260.jpg,0,test
5060,5261.jpg,0,train
5061,5262.jpg,0,test
5062,5263.jpg,0,train
5063,5264.jpg,0,test
5064,5265.jpg,0,test
5065,5266.jpg,0,train
5066,5267.jpg,0,test
5067,5268.jpg,0,train
5068,5269.jpg,0,val
5069,5270.jpg,0,train
5070,5271.jpg,0,train
5071,5272.jpg,0,test
5072,5273.jpg,0,test
5073,5274.jpg,0,train
5074,5275.jpg,0,train
5075,5276.jpg,0,train
5076,5277.jpg,0,train
5077,5278.jpg,0,train
5078,5279.jpg,0,train
5079,5280.jpg,0,train
5080,5281.jpg,0,train
5081,5282.jpg,0,test
5082,5283.jpg,0,train
5083,5284.jpg,0,train
5084,5285.jpg,0,train
5085,5286.jpg,0,train
5086,5287.jpg,0,train
5087,5288.jpg,0,train
5088,5289.jpg,0,train
5089,5290.jpg,0,test
5090,5291.jpg,0,train
5091,5292.jpg,0,val
5092,5293.jpg,0,test
5093,5294.jpg,0,test
5094,5295.jpg,0,train
5095,5296.jpg,0,train
5096,5297.jpg,0,train
5097,5298.jpg,0,train
5098,5299.jpg,0,train
5099,5300.jpg,0,train
5100,5301.jpg,0,train
5101,5302.jpg,0,test
5102,5303.jpg,0,train
5103,5304.jpg,0,train
5104,5305.jpg,0,train
5105,5306.jpg,0,train
5106,5307.jpg,0,train
5107,5308.jpg,0,train
5108,5309.jpg,0,test
5109,5310.jpg,0,train
5110,5311.jpg,0,train
5111,5312.jpg,0,train
5112,5313.jpg,0,train
5113,5314.jpg,0,train
5114,5315.jpg,0,train
5115,5316.jpg,0,test
5116,5317.jpg,0,train
5117,5318.jpg,0,train
5118,5319.jpg,0,train
5119,5320.jpg,0,train
5120,5321.jpg,0,train
5121,5322.jpg,0,test
5122,5323.jpg,0,test
5123,5324.jpg,0,test
5124,5325.jpg,0,train
5125,5326.jpg,0,train
5126,5327.jpg,0,val
5127,5328.jpg,0,test
5128,5329.jpg,0,train
5129,5330.jpg,0,train
5130,5331.jpg,0,train
5131,5332.jpg,0,train
5132,5333.jpg,0,train
5133,5334.jpg,0,train
5134,5335.jpg,0,train
5135,5336.jpg,0,val
5136,5337.jpg,0,train
5137,5338.jpg,0,train
5138,5339.jpg,0,test
5139,5340.jpg,0,test
5140,5341.jpg,0,val
5141,5342.jpg,0,train
5142,5343.jpg,0,test
5143,5344.jpg,0,val
5144,5345.jpg,0,train
5145,5346.jpg,0,train
5146,5347.jpg,0,test
5147,5348.jpg,0,train
5148,5349.jpg,0,train
5149,5350.jpg,0,train
5150,5351.jpg,0,train
5151,5352.jpg,0,test
5152,5353.jpg,0,train
5153,5354.jpg,0,test
5154,5355.jpg,0,train
5155,5356.jpg,0,train
5156,5357.jpg,0,test
5157,5358.jpg,0,test
5158,5359.jpg,0,test
5159,5360.jpg,0,train
5160,5361.jpg,0,train
5161,5362.jpg,0,train
5162,5363.jpg,0,val
5163,5364.jpg,0,train
5164,5365.jpg,0,train
5165,5366.jpg,0,train
5166,5367.jpg,0,test
5167,5368.jpg,0,train
5168,5369.jpg,0,train
5169,5370.jpg,0,train
5170,5371.jpg,0,train
5171,5372.jpg,0,train
5172,5373.jpg,0,train
5173,5374.jpg,0,train
5174,5375.jpg,0,train
5175,5376.jpg,0,test
5176,5377.jpg,0,test
5177,5378.jpg,0,test
5178,5379.jpg,0,train
5179,5380.jpg,0,test
5180,5381.jpg,0,train
5181,5382.jpg,0,train
5182,5383.jpg,0,train
5183,5384.jpg,0,train
5184,5385.jpg,0,train
5185,5386.jpg,0,train
5186,5387.jpg,0,train
5187,5388.jpg,0,train
5188,5389.jpg,0,train
5189,5390.jpg,0,train
5190,5391.jpg,0,train
5191,5392.jpg,0,train
5192,5393.jpg,0,test
5193,5394.jpg,0,train
5194,5395.jpg,0,val
5195,5396.jpg,0,train
5196,5397.jpg,0,test
5197,5398.jpg,0,train
5198,5399.jpg,0,train
5199,5400.jpg,0,train
5200,5401.jpg,0,train
5201,5402.jpg,0,test
5202,5403.jpg,0,val
5203,5404.jpg,0,test
5204,5405.jpg,0,val
5205,5406.jpg,0,val
5206,5407.jpg,0,train
5207,5408.jpg,0,train
5208,5409.jpg,0,train
5209,5410.jpg,0,train
5210,5411.jpg,0,val
5211,5412.jpg,0,val
5212,5413.jpg,0,test
5213,5414.jpg,0,train
5214,5415.jpg,0,train
5215,5416.jpg,0,train
5216,5417.jpg,0,val
5217,5418.jpg,0,train
5218,5419.jpg,0,val
5219,5420.jpg,0,test
5220,5421.jpg,0,train
5221,5422.jpg,0,train
5222,5423.jpg,0,train
5223,5424.jpg,0,train
5224,5425.jpg,0,train
5225,5426.jpg,0,test
5226,5427.jpg,0,train
5227,5428.jpg,0,train
5228,5429.jpg,0,train
5229,5430.jpg,0,val
5230,5431.jpg,0,train
5231,5432.jpg,0,test
5232,5433.jpg,0,train
5233,5434.jpg,0,train
5234,5435.jpg,0,train
5235,5436.jpg,0,train
5236,5437.jpg,0,train
5237,5438.jpg,0,train
5238,5439.jpg,0,test
5239,5440.jpg,0,test
5240,5441.jpg,0,train
5241,5442.jpg,0,train
5242,5443.jpg,0,train
5243,5444.jpg,0,test
5244,5445.jpg,0,train
5245,5446.jpg,0,test
5246,5447.jpg,0,train
5247,5448.jpg,0,train
5248,5449.jpg,0,train
5249,5450.jpg,0,val
5250,5451.jpg,0,train
5251,5452.jpg,0,train
5252,5453.jpg,0,train
5253,5454.jpg,0,train
5254,5455.jpg,0,train
5255,5456.jpg,0,train
5256,5457.jpg,0,train
5257,5458.jpg,0,train
5258,5459.jpg,0,train
5259,5460.jpg,0,train
5260,5461.jpg,0,test
5261,5462.jpg,0,train
5262,5463.jpg,0,train
5263,5464.jpg,0,train
5264,5465.jpg,0,val
5265,5466.jpg,0,train
5266,5467.jpg,0,train
5267,5468.jpg,0,test
5268,5469.jpg,0,train
5269,5470.jpg,0,train
5270,5471.jpg,0,train
5271,5472.jpg,0,train
5272,5473.jpg,0,train
5273,5474.jpg,0,train
5274,5475.jpg,0,train
5275,5476.jpg,0,train
5276,5477.jpg,0,train
5277,5478.jpg,0,train
5278,5479.jpg,0,train
5279,5480.jpg,0,train
5280,5481.jpg,0,val
5281,5482.jpg,0,test
5282,5483.jpg,0,test
5283,5484.jpg,0,train
5284,5485.jpg,0,train
5285,5486.jpg,0,train
5286,5487.jpg,0,test
5287,5488.jpg,0,train
5288,5489.jpg,0,train
5289,5490.jpg,0,train
5290,5491.jpg,0,test
5291,5492.jpg,0,train
5292,5493.jpg,0,train
5293,5494.jpg,0,train
5294,5495.jpg,0,train
5295,5496.jpg,0,val
5296,5497.jpg,0,test
5297,5498.jpg,0,val
5298,5499.jpg,0,train
5299,5500.jpg,0,train
5300,5501.jpg,0,train
5301,5502.jpg,0,train
5302,5503.jpg,0,train
5303,5504.jpg,0,train
5304,5505.jpg,0,train
5305,5506.jpg,0,train
5306,5507.jpg,0,train
5307,5508.jpg,0,train
5308,5509.jpg,0,train
5309,5510.jpg,0,train
5310,5511.jpg,0,train
5311,5512.jpg,0,train
5312,5513.jpg,0,train
5313,5514.jpg,0,test
5314,5515.jpg,0,train
5315,5516.jpg,0,val
5316,5517.jpg,0,train
5317,5518.jpg,0,val
5318,5519.jpg,0,train
5319,5520.jpg,0,train
5320,5521.jpg,0,train
5321,5522.jpg,0,train
5322,5523.jpg,0,test
5323,5524.jpg,0,train
5324,5525.jpg,0,train
5325,5526.jpg,0,test
5326,5527.jpg,0,train
5327,5528.jpg,0,train
5328,5529.jpg,0,test
5329,5530.jpg,0,train
5330,5531.jpg,0,train
5331,5532.jpg,0,test
5332,5533.jpg,0,train
5333,5534.jpg,0,test
5334,5535.jpg,0,test
5335,5536.jpg,0,val
5336,5537.jpg,0,train
5337,5538.jpg,0,test
5338,5539.jpg,0,train
5339,5540.jpg,0,train
5340,5541.jpg,0,test
5341,5542.jpg,0,train
5342,5543.jpg,0,train
5343,5544.jpg,0,test
5344,5545.jpg,0,train
5345,5546.jpg,0,train
5346,5547.jpg,0,train
5347,5548.jpg,0,test
5348,5549.jpg,0,test
5349,5550.jpg,0,train
5350,5551.jpg,0,train
5351,5552.jpg,0,train
5352,5553.jpg,0,train
5353,5554.jpg,0,train
5354,5555.jpg,0,train
5355,5556.jpg,0,train
